-- phpMyAdmin SQL Dump
-- version 2.6.3-pl1
-- http://www.phpmyadmin.net
-- 
-- Host: localhost
-- Generation Time: May 04, 2006 at 10:59 AM
-- Server version: 4.1.14
-- PHP Version: 5.0.4
-- 
-- Database: `drupal`
-- 

-- --------------------------------------------------------

-- 
-- Table structure for table `access`
-- 

DROP TABLE IF EXISTS `access`;
CREATE TABLE IF NOT EXISTS `access` (
  `aid` tinyint(10) NOT NULL auto_increment,
  `mask` varchar(255) NOT NULL default '',
  `type` varchar(255) NOT NULL default '',
  `status` tinyint(2) NOT NULL default '0',
  PRIMARY KEY  (`aid`)
) ENGINE=MyISAM DEFAULT CHARSET=utf8 AUTO_INCREMENT=2 ;

-- 
-- Dumping data for table `access`
-- 

INSERT INTO `access` VALUES (1, '%@hotmail.com', 'mail', 0);

-- --------------------------------------------------------

-- 
-- Table structure for table `accesslog`
-- 

DROP TABLE IF EXISTS `accesslog`;
CREATE TABLE IF NOT EXISTS `accesslog` (
  `aid` int(10) NOT NULL auto_increment,
  `sid` varchar(32) NOT NULL default '',
  `title` varchar(255) default NULL,
  `path` varchar(255) default NULL,
  `url` varchar(255) default NULL,
  `hostname` varchar(128) default NULL,
  `uid` int(10) unsigned default '0',
  `timer` int(10) unsigned NOT NULL default '0',
  `timestamp` int(11) unsigned NOT NULL default '0',
  PRIMARY KEY  (`aid`),
  KEY `accesslog_timestamp` (`timestamp`)
) ENGINE=MyISAM DEFAULT CHARSET=utf8 AUTO_INCREMENT=1 ;

-- 
-- Dumping data for table `accesslog`
-- 


-- --------------------------------------------------------

-- 
-- Table structure for table `aggregator_category`
-- 

DROP TABLE IF EXISTS `aggregator_category`;
CREATE TABLE IF NOT EXISTS `aggregator_category` (
  `cid` int(10) NOT NULL auto_increment,
  `title` varchar(255) NOT NULL default '',
  `description` longtext NOT NULL,
  `block` tinyint(2) NOT NULL default '0',
  PRIMARY KEY  (`cid`),
  UNIQUE KEY `title` (`title`)
) ENGINE=MyISAM DEFAULT CHARSET=utf8 AUTO_INCREMENT=1 ;

-- 
-- Dumping data for table `aggregator_category`
-- 


-- --------------------------------------------------------

-- 
-- Table structure for table `aggregator_category_feed`
-- 

DROP TABLE IF EXISTS `aggregator_category_feed`;
CREATE TABLE IF NOT EXISTS `aggregator_category_feed` (
  `fid` int(10) NOT NULL default '0',
  `cid` int(10) NOT NULL default '0',
  PRIMARY KEY  (`fid`,`cid`)
) ENGINE=MyISAM DEFAULT CHARSET=utf8;

-- 
-- Dumping data for table `aggregator_category_feed`
-- 


-- --------------------------------------------------------

-- 
-- Table structure for table `aggregator_category_item`
-- 

DROP TABLE IF EXISTS `aggregator_category_item`;
CREATE TABLE IF NOT EXISTS `aggregator_category_item` (
  `iid` int(10) NOT NULL default '0',
  `cid` int(10) NOT NULL default '0',
  PRIMARY KEY  (`iid`,`cid`)
) ENGINE=MyISAM DEFAULT CHARSET=utf8;

-- 
-- Dumping data for table `aggregator_category_item`
-- 


-- --------------------------------------------------------

-- 
-- Table structure for table `aggregator_feed`
-- 

DROP TABLE IF EXISTS `aggregator_feed`;
CREATE TABLE IF NOT EXISTS `aggregator_feed` (
  `fid` int(10) NOT NULL auto_increment,
  `title` varchar(255) NOT NULL default '',
  `url` varchar(255) NOT NULL default '',
  `refresh` int(10) NOT NULL default '0',
  `checked` int(10) NOT NULL default '0',
  `link` varchar(255) NOT NULL default '',
  `description` longtext NOT NULL,
  `image` longtext NOT NULL,
  `etag` varchar(255) NOT NULL default '',
  `modified` int(10) NOT NULL default '0',
  `block` tinyint(2) NOT NULL default '0',
  PRIMARY KEY  (`fid`),
  UNIQUE KEY `link` (`url`),
  UNIQUE KEY `title` (`title`)
) ENGINE=MyISAM DEFAULT CHARSET=utf8 AUTO_INCREMENT=1 ;

-- 
-- Dumping data for table `aggregator_feed`
-- 


-- --------------------------------------------------------

-- 
-- Table structure for table `aggregator_item`
-- 

DROP TABLE IF EXISTS `aggregator_item`;
CREATE TABLE IF NOT EXISTS `aggregator_item` (
  `iid` int(10) NOT NULL auto_increment,
  `fid` int(10) NOT NULL default '0',
  `title` varchar(255) NOT NULL default '',
  `link` varchar(255) NOT NULL default '',
  `author` varchar(255) NOT NULL default '',
  `description` longtext NOT NULL,
  `timestamp` int(11) default NULL,
  PRIMARY KEY  (`iid`)
) ENGINE=MyISAM DEFAULT CHARSET=utf8 AUTO_INCREMENT=1 ;

-- 
-- Dumping data for table `aggregator_item`
-- 


-- --------------------------------------------------------

-- 
-- Table structure for table `authmap`
-- 

DROP TABLE IF EXISTS `authmap`;
CREATE TABLE IF NOT EXISTS `authmap` (
  `aid` int(10) unsigned NOT NULL auto_increment,
  `uid` int(10) NOT NULL default '0',
  `authname` varchar(128) NOT NULL default '',
  `module` varchar(128) NOT NULL default '',
  PRIMARY KEY  (`aid`),
  UNIQUE KEY `authname` (`authname`)
) ENGINE=MyISAM DEFAULT CHARSET=utf8 AUTO_INCREMENT=1 ;

-- 
-- Dumping data for table `authmap`
-- 


-- --------------------------------------------------------

-- 
-- Table structure for table `blocks`
-- 

DROP TABLE IF EXISTS `blocks`;
CREATE TABLE IF NOT EXISTS `blocks` (
  `module` varchar(64) NOT NULL default '',
  `delta` varchar(32) NOT NULL default '0',
  `theme` varchar(255) NOT NULL default '',
  `status` tinyint(2) NOT NULL default '0',
  `weight` tinyint(1) NOT NULL default '0',
  `region` varchar(64) NOT NULL default 'left',
  `custom` tinyint(2) NOT NULL default '0',
  `throttle` tinyint(1) NOT NULL default '0',
  `visibility` tinyint(1) NOT NULL default '0',
  `pages` text NOT NULL
) ENGINE=MyISAM DEFAULT CHARSET=utf8;

-- 
-- Dumping data for table `blocks`
-- 

INSERT INTO `blocks` VALUES ('taxonomy_block', '1', 'bluemarine', 1, 0, 'right', 0, 0, 0, '');
INSERT INTO `blocks` VALUES ('search', '0', 'bluemarine', 0, 0, 'left', 0, 0, 0, '');
INSERT INTO `blocks` VALUES ('taxonomy_block', '1', 'box_grey_dev', 0, 0, 'left', 0, 0, 0, '');
INSERT INTO `blocks` VALUES ('search', '0', 'box_grey_dev', 1, 0, 'right', 0, 0, 0, '');
INSERT INTO `blocks` VALUES ('poll', '0', 'box_grey_dev', 0, 0, 'left', 0, 0, 0, '');
INSERT INTO `blocks` VALUES ('menu', '2', 'box_grey_dev', 0, 0, 'left', 0, 0, 0, '');
INSERT INTO `blocks` VALUES ('forum', '1', 'box_grey_dev', 0, 0, 'left', 0, 0, 0, '');
INSERT INTO `blocks` VALUES ('forum', '0', 'box_grey_dev', 0, 0, 'left', 0, 0, 0, '');
INSERT INTO `blocks` VALUES ('comment', '0', 'box_grey_dev', 0, 0, 'left', 0, 0, 0, '');
INSERT INTO `blocks` VALUES ('book', '0', 'box_grey_dev', 0, 0, 'left', 0, 0, 0, '');
INSERT INTO `blocks` VALUES ('blog', '0', 'box_grey_dev', 1, 0, 'right', 0, 0, 0, '');
INSERT INTO `blocks` VALUES ('block', '1', 'box_grey_dev', 0, 10, 'left', 0, 0, 0, '');
INSERT INTO `blocks` VALUES ('archive', '0', 'box_grey_dev', 1, 0, 'right', 0, 0, 0, '');
INSERT INTO `blocks` VALUES ('user', '3', 'box_grey_dev', 1, 0, 'footer', 0, 0, 0, '');
INSERT INTO `blocks` VALUES ('poll', '0', 'bluemarine', 0, 0, 'left', 0, 0, 0, '');
INSERT INTO `blocks` VALUES ('menu', '2', 'bluemarine', 0, 0, 'left', 0, 0, 0, '');
INSERT INTO `blocks` VALUES ('forum', '1', 'bluemarine', 1, 0, 'right', 0, 0, 0, '');
INSERT INTO `blocks` VALUES ('forum', '0', 'bluemarine', 0, 0, 'left', 0, 0, 0, '');
INSERT INTO `blocks` VALUES ('comment', '0', 'bluemarine', 0, 0, 'left', 0, 0, 0, '');
INSERT INTO `blocks` VALUES ('book', '0', 'bluemarine', 1, -1, 'right', 0, 0, 0, '');
INSERT INTO `blocks` VALUES ('blog', '0', 'bluemarine', 1, 0, 'right', 0, 0, 0, '');
INSERT INTO `blocks` VALUES ('block', '1', 'bluemarine', 0, 0, 'left', 0, 0, 0, '');
INSERT INTO `blocks` VALUES ('archive', '0', 'bluemarine', 0, 0, 'left', 0, 0, 0, '');
INSERT INTO `blocks` VALUES ('user', '3', 'bluemarine', 1, 0, 'footer', 0, 0, 0, '');
INSERT INTO `blocks` VALUES ('user', '2', 'bluemarine', 1, 0, 'footer', 0, 0, 0, '');
INSERT INTO `blocks` VALUES ('user', '1', 'bluemarine', 1, 0, 'left', 0, 0, 0, '');
INSERT INTO `blocks` VALUES ('user', '0', 'bluemarine', 1, 0, 'left', 0, 0, 0, '');
INSERT INTO `blocks` VALUES ('node', '0', 'bluemarine', 0, 0, 'left', 0, 0, 0, '');
INSERT INTO `blocks` VALUES ('taxonomy_block', '1', 'pushbutton', 1, 0, 'right', 0, 0, 0, '');
INSERT INTO `blocks` VALUES ('search', '0', 'pushbutton', 0, 0, 'left', 0, 0, 0, '');
INSERT INTO `blocks` VALUES ('poll', '0', 'pushbutton', 0, 0, 'left', 0, 0, 0, '');
INSERT INTO `blocks` VALUES ('menu', '2', 'pushbutton', 0, 0, 'left', 0, 0, 0, '');
INSERT INTO `blocks` VALUES ('forum', '1', 'pushbutton', 1, 0, 'right', 0, 0, 0, '');
INSERT INTO `blocks` VALUES ('forum', '0', 'pushbutton', 0, 0, 'left', 0, 0, 0, '');
INSERT INTO `blocks` VALUES ('comment', '0', 'pushbutton', 0, 0, 'left', 0, 0, 0, '');
INSERT INTO `blocks` VALUES ('book', '0', 'pushbutton', 1, -1, 'right', 0, 0, 0, '');
INSERT INTO `blocks` VALUES ('blog', '0', 'pushbutton', 1, 0, 'right', 0, 0, 0, '');
INSERT INTO `blocks` VALUES ('block', '1', 'pushbutton', 0, 0, 'left', 0, 0, 0, '');
INSERT INTO `blocks` VALUES ('archive', '0', 'pushbutton', 0, 0, 'left', 0, 0, 0, '');
INSERT INTO `blocks` VALUES ('user', '3', 'pushbutton', 1, 0, 'footer', 0, 0, 0, '');
INSERT INTO `blocks` VALUES ('user', '2', 'pushbutton', 1, 0, 'footer', 0, 0, 0, '');
INSERT INTO `blocks` VALUES ('user', '1', 'pushbutton', 1, 0, 'left', 0, 0, 0, '');
INSERT INTO `blocks` VALUES ('user', '0', 'pushbutton', 1, 0, 'left', 0, 0, 0, '');
INSERT INTO `blocks` VALUES ('node', '0', 'pushbutton', 0, 0, 'left', 0, 0, 0, '');
INSERT INTO `blocks` VALUES ('user', '2', 'box_grey_dev', 1, 0, 'footer', 0, 0, 0, '');
INSERT INTO `blocks` VALUES ('user', '1', 'box_grey_dev', 1, 0, 'left', 0, 0, 0, '');
INSERT INTO `blocks` VALUES ('user', '0', 'box_grey_dev', 1, 0, 'left', 0, 0, 0, '');
INSERT INTO `blocks` VALUES ('node', '0', 'box_grey_dev', 0, 0, 'left', 0, 0, 0, '');

-- --------------------------------------------------------

-- 
-- Table structure for table `book`
-- 

DROP TABLE IF EXISTS `book`;
CREATE TABLE IF NOT EXISTS `book` (
  `vid` int(10) unsigned NOT NULL default '0',
  `nid` int(10) unsigned NOT NULL default '0',
  `parent` int(10) NOT NULL default '0',
  `weight` tinyint(3) NOT NULL default '0',
  PRIMARY KEY  (`vid`),
  KEY `nid` (`nid`),
  KEY `parent` (`parent`)
) ENGINE=MyISAM DEFAULT CHARSET=utf8;

-- 
-- Dumping data for table `book`
-- 


-- --------------------------------------------------------

-- 
-- Table structure for table `boxes`
-- 

DROP TABLE IF EXISTS `boxes`;
CREATE TABLE IF NOT EXISTS `boxes` (
  `bid` tinyint(4) NOT NULL auto_increment,
  `title` varchar(64) NOT NULL default '',
  `body` longtext,
  `info` varchar(128) NOT NULL default '',
  `format` int(4) NOT NULL default '0',
  PRIMARY KEY  (`bid`),
  UNIQUE KEY `info` (`info`)
) ENGINE=MyISAM DEFAULT CHARSET=utf8 AUTO_INCREMENT=2 ;

-- 
-- Dumping data for table `boxes`
-- 

INSERT INTO `boxes` VALUES (1, 'Advertisements', '<?php\r\nif (module_exist("adsense"))\r\n{\r\n print adsense_display("160x600", 1);\r\n}\r\n?>', 'Google Ads', 2);

-- --------------------------------------------------------

-- 
-- Table structure for table `cache`
-- 

DROP TABLE IF EXISTS `cache`;
CREATE TABLE IF NOT EXISTS `cache` (
  `cid` varchar(255) NOT NULL default '',
  `data` longblob,
  `expire` int(11) NOT NULL default '0',
  `created` int(11) NOT NULL default '0',
  `headers` text,
  PRIMARY KEY  (`cid`),
  KEY `expire` (`expire`)
) ENGINE=MyISAM DEFAULT CHARSET=utf8;

-- 
-- Dumping data for table `cache`
-- 

INSERT INTO `cache` VALUES ('adsense-2-336x280-1', 0x0a3c64697620636c6173733d22616473656e7365223e0a3c73637269707420747970653d22746578742f6a617661736372697074223e3c212d2d0a676f6f676c655f61645f636c69656e74203d202263612d7265662d7075622d3031373335323936363130373931223b0a676f6f676c655f61645f74797065203d2022696d616765223b0a676f6f676c655f61645f6368616e6e656c203d2022223b0a676f6f676c655f61645f7769647468203d203333363b0a676f6f676c655f61645f686569676874203d203238303b0a676f6f676c655f61645f666f726d6174203d2022333336783238305f6173223b0a676f6f676c655f636f6c6f725f626f72646572203d2022453545354535223b0a676f6f676c655f636f6c6f725f6267203d2022453545354535223b0a676f6f676c655f636f6c6f725f6c696e6b203d2022414438353746223b0a676f6f676c655f636f6c6f725f75726c203d2022414438353746223b0a676f6f676c655f636f6c6f725f74657874203d2022414438353746223b0a2f2f2d2d3e3c2f7363726970743e0a3c73637269707420747970653d22746578742f6a617661736372697074220a207372633d22687474703a2f2f706167656164322e676f6f676c6573796e6469636174696f6e2e636f6d2f7061676561642f73686f775f6164732e6a73223e0a3c2f7363726970743e0a3c2f6469763e0a, 0, 1145115354, '');
INSERT INTO `cache` VALUES ('filter:3:502a8fd12e842afef91d10d70d6b233b', 0x3c703e48692c3c2f703e0a3c703e5468697320697320612070616765206f6620476f6f676c65206164733a3c2f703e0a3c703e3c212d2d616473656e73653a20696e76616c696420666f726d61743a203136307836302d2d3e3c2f703e0a, 1146818397, 1146731997, '');
INSERT INTO `cache` VALUES ('filter:1:fdf76a54a8386d74010e685cd71fe5a8', 0x77686f2063616e20736179206174207468697320706f696e742e2e, 1146818397, 1146731997, '');
INSERT INTO `cache` VALUES ('filter:1:e4baa6b5dcd1b3e015215f75ae83a572', 0x54686973206973206d792066697273742073746f72792e2e20776974682061207370656c6c696e67206572726f72, 1146818397, 1146731997, '');
INSERT INTO `cache` VALUES ('archive:calendar:04-5-2006', 0x0a3c212d2d2063616c656e646172202d2d3e0a3c64697620636c6173733d2263616c656e646172223e3c7461626c652073756d6d6172793d22412063616c656e64617220746f2062726f777365207468652061726368697665732e223e0a203c63617074696f6e3e3c6120687265663d222f64727570616c2f617263686976652f323030362f30342f303422207469746c653d2250726576696f7573206d6f6e7468223ec2ab3c2f613e204d6179203230303620c2a03c2f63617074696f6e3e0a203c747220636c6173733d226865616465722d7765656b223e0a203c746820616262723d2253756e646179223e53753c2f74683e0a203c746820616262723d224d6f6e646179223e4d6f3c2f74683e0a203c746820616262723d2254756573646179223e54753c2f74683e0a203c746820616262723d225765646e6573646179223e57653c2f74683e0a203c746820616262723d225468757273646179223e54683c2f74683e0a203c746820616262723d22467269646179223e46723c2f74683e0a203c746820616262723d225361747572646179223e53613c2f74683e0a3c2f74723e0a203c747220636c6173733d22726f772d7765656b223e3c746420636c6173733d226461792d626c616e6b223e266e6273703b3c2f74643e0a20203c746420636c6173733d226461792d6e6f726d616c223e313c2f74643e0a20203c746420636c6173733d226461792d6e6f726d616c223e323c2f74643e0a20203c746420636c6173733d226461792d6e6f726d616c223e333c2f74643e0a20203c746420636c6173733d226461792d746f646179223e343c2f74643e0a20203c746420636c6173733d226461792d667574757265223e353c2f74643e0a20203c746420636c6173733d226461792d667574757265223e363c2f74643e0a203c2f74723e0a203c747220636c6173733d22726f772d7765656b223e0a20203c746420636c6173733d226461792d667574757265223e373c2f74643e0a20203c746420636c6173733d226461792d667574757265223e383c2f74643e0a20203c746420636c6173733d226461792d667574757265223e393c2f74643e0a20203c746420636c6173733d226461792d667574757265223e31303c2f74643e0a20203c746420636c6173733d226461792d667574757265223e31313c2f74643e0a20203c746420636c6173733d226461792d667574757265223e31323c2f74643e0a20203c746420636c6173733d226461792d667574757265223e31333c2f74643e0a203c2f74723e0a203c747220636c6173733d22726f772d7765656b223e0a20203c746420636c6173733d226461792d667574757265223e31343c2f74643e0a20203c746420636c6173733d226461792d667574757265223e31353c2f74643e0a20203c746420636c6173733d226461792d667574757265223e31363c2f74643e0a20203c746420636c6173733d226461792d667574757265223e31373c2f74643e0a20203c746420636c6173733d226461792d667574757265223e31383c2f74643e0a20203c746420636c6173733d226461792d667574757265223e31393c2f74643e0a20203c746420636c6173733d226461792d667574757265223e32303c2f74643e0a203c2f74723e0a203c747220636c6173733d22726f772d7765656b223e0a20203c746420636c6173733d226461792d667574757265223e32313c2f74643e0a20203c746420636c6173733d226461792d667574757265223e32323c2f74643e0a20203c746420636c6173733d226461792d667574757265223e32333c2f74643e0a20203c746420636c6173733d226461792d667574757265223e32343c2f74643e0a20203c746420636c6173733d226461792d667574757265223e32353c2f74643e0a20203c746420636c6173733d226461792d667574757265223e32363c2f74643e0a20203c746420636c6173733d226461792d667574757265223e32373c2f74643e0a203c2f74723e0a203c747220636c6173733d22726f772d7765656b223e0a20203c746420636c6173733d226461792d667574757265223e32383c2f74643e0a20203c746420636c6173733d226461792d667574757265223e32393c2f74643e0a20203c746420636c6173733d226461792d667574757265223e33303c2f74643e0a20203c746420636c6173733d226461792d667574757265223e33313c2f74643e0a3c746420636c6173733d226461792d626c616e6b223e266e6273703b3c2f74643e0a3c746420636c6173733d226461792d626c616e6b223e266e6273703b3c2f74643e0a3c746420636c6173733d226461792d626c616e6b223e266e6273703b3c2f74643e0a3c2f74723e0a3c2f7461626c653e3c2f6469763e0a0a, -1, 1146731998, '');
INSERT INTO `cache` VALUES ('filter:3:992fe446995121d3b08409bf1a121668', 0x3c703e48692c3c2f703e0a3c703e5468697320697320612070616765206f6620476f6f676c65204164733a3c2f703e0a3c703e3c212d2d616473656e73653a20706c616365686f6c6465722d2d3e3c646976207374796c653d222077696474683a33333670783b206865696768743a32383070783b20626f726465723a736f6c696420317078223e476f6f676c6520416453656e736520616420706c616365686f6c64657220686572653c2f6469763e3c2f703e0a3c703e416c6c2074686520626573742e2e2e3c2f703e0a, 1146818397, 1146731997, '');
INSERT INTO `cache` VALUES ('variables', 0x613a3130353a7b733a31333a227468656d655f64656661756c74223b733a31323a22626f785f677265795f646576223b733a31333a2266696c7465725f68746d6c5f31223b693a313b733a31383a226e6f64655f6f7074696f6e735f666f72756d223b613a313a7b693a303b733a363a22737461747573223b7d733a31373a226d656e755f7072696d6172795f6d656e75223b733a313a2231223b733a31393a226d656e755f7365636f6e646172795f6d656e75223b733a313a2232223b733a32373a227468656d655f626f785f677265795f6465765f73657474696e6773223b613a31353a7b733a333a22766172223b733a32373a227468656d655f626f785f677265795f6465765f73657474696e6773223b733a31313a22746f67676c655f6c6f676f223b693a313b733a31313a22746f67676c655f6e616d65223b693a303b733a31333a22746f67676c655f736c6f67616e223b693a303b733a31343a22746f67676c655f6d697373696f6e223b693a303b733a32343a22746f67676c655f6e6f64655f757365725f70696374757265223b693a303b733a32373a22746f67676c655f636f6d6d656e745f757365725f70696374757265223b693a303b733a31333a22746f67676c655f736561726368223b693a303b733a31343a22746f67676c655f66617669636f6e223b693a313b733a31323a2264656661756c745f6c6f676f223b693a303b733a393a226c6f676f5f70617468223b733a31343a2266696c65732f6c6f676f2e6a7067223b733a31313a226c6f676f5f75706c6f6164223b4e3b733a31353a2264656661756c745f66617669636f6e223b693a313b733a31323a2266617669636f6e5f70617468223b733a303a22223b733a31343a2266617669636f6e5f75706c6f6164223b4e3b7d733a31323a22636c65616e5f75726c5f6f6b223b693a313b733a31393a2266696c655f6469726563746f72795f74656d70223b733a32303a22433a5c6170616368653274726961645c74656d70223b733a31373a226d656e755f706172656e745f6974656d73223b733a313a2230223b733a393a22736974655f6e616d65223b733a363a2264727570616c223b733a393a22736974655f6d61696c223b733a31393a22737461666640636f6e7465636873742e636f6d223b733a31313a22736974655f736c6f67616e223b733a303a22223b733a31323a22736974655f6d697373696f6e223b733a303a22223b733a31313a22736974655f666f6f746572223b733a303a22223b733a393a22616e6f6e796d6f7573223b733a393a22416e6f6e796d6f7573223b733a31343a22736974655f66726f6e7470616765223b733a343a226e6f6465223b733a393a22636c65616e5f75726c223b733a313a2231223b733a383a22736974655f343033223b733a303a22223b733a383a22736974655f343034223b733a303a22223b733a31313a226572726f725f6c6576656c223b733a313a2231223b733a31343a227761746368646f675f636c656172223b733a363a22363034383030223b733a353a226361636865223b733a313a2230223b733a31343a2263616368655f6c69666574696d65223b733a313a2230223b733a31393a2266696c655f6469726563746f72795f70617468223b733a353a2266696c6573223b733a31343a2266696c655f646f776e6c6f616473223b733a313a2231223b733a31383a22666565645f64656661756c745f6974656d73223b733a323a223130223b733a31363a22666565645f6974656d5f6c656e677468223b733a363a22746561736572223b733a32313a22646174655f64656661756c745f74696d657a6f6e65223b733a313a2230223b733a32323a22636f6e666967757261626c655f74696d657a6f6e6573223b733a313a2231223b733a31373a22646174655f666f726d61745f73686f7274223b733a393a22592d6d2d6420483a69223b733a31383a22646174655f666f726d61745f6d656469756d223b733a31323a22442c20592d6d2d6420483a69223b733a31363a22646174655f666f726d61745f6c6f6e67223b733a31353a226c2c2046206a2c2059202d20483a69223b733a31343a22646174655f66697273745f646179223b733a313a2230223b733a31323a22736974655f6f66666c696e65223b733a313a2230223b733a32303a22736974655f6f66666c696e655f6d657373616765223b733a3130343a22546869732044727570616c20736974652069732063757272656e746c7920756e646572206d61696e74656e616e63652e2057652073686f756c64206265206261636b2073686f72746c792e205468616e6b20796f7520666f7220796f75722070617469656e63652e223b733a31363a22666c6578696e6f64652d315f68656c70223b733a3238313a22506c6561736520646f206e6f74207375626d697420616e7920636f6e74656e7420756e6465722074656e20776f7264732e20416c736f2c20656e7375726520746861742061732066617220617320706f737369626c6520796f75206d616b6520757365206f6620746865207069637475726520666163696c69746965732070726f766964656420776974682074686973207061676520616e6420706c6561736520737570706c7920616e20656d61696c206164647265737320666f7220796f757273656c662c206f7220616c7465726e61746976656c792c20666f7220746865206f7267616e697a6174696f6e20696e20636861726765206f6620736176696e672074686520616e696d616c20696e207175657374696f6e2e223b733a32343a226d696e696d756d5f666c6578696e6f64652d315f73697a65223b733a323a223130223b733a32343a226e6f64655f6f7074696f6e735f666c6578696e6f64652d31223b613a323a7b693a303b733a363a22737461747573223b693a313b733a373a2270726f6d6f7465223b7d733a31393a22636f6d6d656e745f666c6578696e6f64652d31223b733a313a2232223b733a31383a2275706c6f61645f666c6578696e6f64652d31223b733a313a2231223b733a343a2274797065223b733a31313a22666c6578696e6f64652d32223b733a31323a2261727261795f66696c746572223b623a313b733a32303a22666c6578696e6f64655f6c6973745f636f756e74223b733a313a2235223b733a31363a22666c6578696e6f64652d325f68656c70223b733a303a22223b733a32343a226d696e696d756d5f666c6578696e6f64652d325f73697a65223b733a313a2230223b733a32343a226e6f64655f6f7074696f6e735f666c6578696e6f64652d32223b613a323a7b693a303b733a363a22737461747573223b693a313b733a373a2270726f6d6f7465223b7d733a31393a22636f6d6d656e745f666c6578696e6f64652d32223b733a313a2232223b733a31383a2275706c6f61645f666c6578696e6f64652d32223b733a313a2231223b733a31373a22616473656e73655f636c69656e745f6964223b733a32353a2263612d7265662d7075622d3031373335323936363130373931223b733a31383a22616473656e73655f7669736962696c697479223b733a313a2230223b733a32303a22616473656e73655f6163636573735f7061676573223b733a303a22223b733a31373a22616473656e73655f61645f747970655f31223b733a313a2232223b733a32303a22616473656e73655f636f6c6f725f746578745f31223b733a363a22414438353746223b733a32323a22616473656e73655f636f6c6f725f626f726465725f31223b733a363a22453545354535223b733a31383a22616473656e73655f636f6c6f725f62675f31223b733a363a22453545354535223b733a32303a22616473656e73655f636f6c6f725f6c696e6b5f31223b733a363a22414438353746223b733a31393a22616473656e73655f636f6c6f725f75726c5f31223b733a363a22414438353746223b733a31333a22616473656e73655f616c745f31223b733a313a2230223b733a31383a22616473656e73655f616c745f696e666f5f31223b733a303a22223b733a31373a22616473656e73655f61645f747970655f32223b733a313a2231223b733a32303a22616473656e73655f636f6c6f725f746578745f32223b733a363a22414438353746223b733a32323a22616473656e73655f636f6c6f725f626f726465725f32223b733a363a22453545354535223b733a31383a22616473656e73655f636f6c6f725f62675f32223b733a363a22453545354535223b733a32303a22616473656e73655f636f6c6f725f6c696e6b5f32223b733a363a22414438353746223b733a31393a22616473656e73655f636f6c6f725f75726c5f32223b733a363a22414438353746223b733a31333a22616473656e73655f616c745f32223b733a313a2230223b733a31383a22616473656e73655f616c745f696e666f5f32223b733a303a22223b733a31373a22616473656e73655f61645f747970655f33223b733a313a2230223b733a32303a22616473656e73655f636f6c6f725f746578745f33223b733a363a22303030303030223b733a32323a22616473656e73655f636f6c6f725f626f726465725f33223b733a363a22333336363939223b733a31383a22616473656e73655f636f6c6f725f62675f33223b733a363a22464646464646223b733a32303a22616473656e73655f636f6c6f725f6c696e6b5f33223b733a363a22333336363939223b733a31393a22616473656e73655f636f6c6f725f75726c5f33223b733a363a22464638433030223b733a31333a22616473656e73655f616c745f33223b733a313a2230223b733a31383a22616473656e73655f616c745f696e666f5f33223b733a303a22223b733a32303a22616473656e73655f61645f6368616e6e656c5f31223b733a303a22223b733a32303a22616473656e73655f61645f6368616e6e656c5f32223b733a303a22223b733a32303a22616473656e73655f61645f6368616e6e656c5f33223b733a303a22223b733a32303a22616473656e73655f61645f6368616e6e656c5f34223b733a303a22223b733a32303a22616473656e73655f61645f6368616e6e656c5f35223b733a303a22223b733a32323a22616473656e73655f726576656e75655f656e61626c65223b693a303b733a32353a22616473656e73655f70657263656e746167655f617574686f72223b733a323a223730223b733a32343a22616473656e73655f70657263656e746167655f7265666572223b733a323a223330223b733a32323a22616473656e73655f6e6f64655f747970655f626c6f67223b693a313b733a32323a22616473656e73655f6e6f64655f747970655f626f6f6b223b693a313b733a32323a22616473656e73655f6e6f64655f747970655f70616765223b693a313b733a32323a22616473656e73655f6e6f64655f747970655f706f6c6c223b693a313b733a32333a22616473656e73655f6e6f64655f747970655f73746f7279223b693a313b733a31353a22616473656e73655f64697361626c65223b693a303b733a31393a22616473656e73655f706c616365686f6c646572223b693a313b733a32343a22616473656e73655f706c616365686f6c6465725f74657874223b733a33343a22476f6f676c6520416453656e736520616420706c616365686f6c6465722068657265223b733a32313a22616473656e73655f706167655f61645f6c696d6974223b733a313a2234223b733a32353a22616473656e73655f73656374696f6e5f746172676574696e67223b693a303b733a32303a22666f72756d5f6e61765f766f636162756c617279223b693a343b733a32303a22706f6f726d616e7363726f6e5f6c61737472756e223b693a313134363733313034383b733a32343a226e6f64655f63726f6e5f636f6d6d656e74735f7363616c65223b643a313b733a32313a226e6f64655f63726f6e5f76696577735f7363616c65223b643a313b733a393a2263726f6e5f6c617374223b693a313134363733313034383b733a393a2263726f6e5f62757379223b623a303b733a31383a227468726f74746c655f616e6f6e796d6f7573223b733a313a2231223b733a31333a227468726f74746c655f75736572223b733a333a22313030223b733a32383a227468726f74746c655f70726f626162696c6974795f6c696d69746572223b733a313a2239223b733a31343a227468726f74746c655f6c6576656c223b693a303b733a31343a226e6f64655f63726f6e5f6c617374223b733a31303a2231313436303634333934223b733a31383a226e6f64655f63726f6e5f6c6173745f6e6964223b733a323a223131223b7d, 0, 1146731050, '');
INSERT INTO `cache` VALUES ('menu:1:en', 0x613a343a7b733a31303a227061746820696e646578223b613a3136333a7b733a31333a2261646d696e2f66696c74657273223b733a313a2237223b733a31383a2261646d696e2f66696c746572732f6c697374223b693a2d323b733a31373a2261646d696e2f66696c746572732f616464223b693a2d333b733a32303a2261646d696e2f66696c746572732f64656c657465223b693a2d343b733a31313a2266696c7465722f74697073223b733a313a2233223b733a31303a2261646d696e2f6e6f6465223b733a313a2238223b733a31393a2261646d696e2f6e6f64652f6f76657276696577223b693a2d373b733a31373a2261646d696e2f6e6f64652f736561726368223b693a2d383b733a31393a2261646d696e2f73657474696e67732f6e6f6465223b733a323a223231223b733a32383a2261646d696e2f73657474696e67732f636f6e74656e742d7479706573223b733a323a223232223b733a343a226e6f6465223b733a313a2234223b733a383a226e6f64652f616464223b733a313a2239223b733a373a227273732e786d6c223b693a2d31333b733a31323a2273797374656d2f66696c6573223b693a2d31343b733a31313a2273797374656d2f74657374223b693a2d31353b733a353a2261646d696e223b733a313a2235223b733a31323a2261646d696e2f7468656d6573223b733a323a223130223b733a31393a2261646d696e2f7468656d65732f73656c656374223b693a2d31383b733a32313a2261646d696e2f7468656d65732f73657474696e6773223b693a2d31393b733a32383a2261646d696e2f7468656d65732f73657474696e67732f676c6f62616c223b693a2d32303b733a33323a2261646d696e2f7468656d65732f73657474696e67732f70757368627574746f6e223b693a2d32313b733a33343a2261646d696e2f7468656d65732f73657474696e67732f626f785f677265795f646576223b693a2d32323b733a31343a2261646d696e2f73657474696e6773223b733a323a223131223b733a32323a2261646d696e2f73657474696e67732f616473656e7365223b733a323a223437223b733a32353a2261646d696e2f73657474696e67732f61676772656761746f72223b733a323a223239223b733a32343a2261646d696e2f73657474696e67732f666c6578696e6f6465223b733a323a223237223b733a32373a2261646d696e2f73657474696e67732f706f6f726d616e7363726f6e223b733a323a223533223b733a32313a2261646d696e2f73657474696e67732f736561726368223b733a323a223330223b733a32333a2261646d696e2f73657474696e67732f7468726f74746c65223b733a323a223438223b733a32313a2261646d696e2f73657474696e67732f75706c6f6164223b733a323a223331223b733a31333a2261646d696e2f6d6f64756c6573223b733a323a223132223b733a343a2275736572223b693a2d33323b733a31373a22757365722f6175746f636f6d706c657465223b693a2d33333b733a31303a22757365722f6c6f67696e223b693a2d33343b733a31333a22757365722f7265676973746572223b693a2d33353b733a31333a22757365722f70617373776f7264223b693a2d33363b733a31303a22757365722f7265736574223b693a2d33373b733a393a22757365722f68656c70223b693a2d33383b733a31303a2261646d696e2f75736572223b733a323a223133223b733a31353a2261646d696e2f757365722f6c697374223b693a2d34303b733a31373a2261646d696e2f757365722f637265617465223b693a2d34313b733a31393a2261646d696e2f73657474696e67732f75736572223b733a323a223233223b733a31323a2261646d696e2f616363657373223b733a323a223134223b733a32343a2261646d696e2f6163636573732f7065726d697373696f6e73223b693a2d34343b733a31383a2261646d696e2f6163636573732f726f6c6573223b693a2d34353b733a32333a2261646d696e2f6163636573732f726f6c65732f65646974223b693a2d34363b733a31383a2261646d696e2f6163636573732f72756c6573223b693a2d34373b733a32333a2261646d696e2f6163636573732f72756c65732f6c697374223b693a2d34383b733a32323a2261646d696e2f6163636573732f72756c65732f616464223b693a2d34393b733a32343a2261646d696e2f6163636573732f72756c65732f636865636b223b693a2d35303b733a32333a2261646d696e2f6163636573732f72756c65732f65646974223b693a2d35313b733a32353a2261646d696e2f6163636573732f72756c65732f64656c657465223b693a2d35323b733a31373a2261646d696e2f757365722f736561726368223b693a2d35333b733a363a22757365722f31223b693a2d35343b733a363a226c6f676f7574223b733a313a2236223b733a31303a2261646d696e2f6c6f6773223b733a323a223135223b733a31363a2261646d696e2f6c6f67732f6576656e74223b693a2d35373b733a31363a2261646d696e2f61676772656761746f72223b733a323a223332223b733a32353a2261646d696e2f61676772656761746f722f6164642f66656564223b693a2d35393b733a32393a2261646d696e2f61676772656761746f722f6164642f63617465676f7279223b693a2d36303b733a32333a2261646d696e2f61676772656761746f722f72656d6f7665223b693a2d36313b733a32333a2261646d696e2f61676772656761746f722f757064617465223b693a2d36323b733a32313a2261646d696e2f61676772656761746f722f6c697374223b693a2d36333b733a31303a2261676772656761746f72223b733a323a223333223b733a31383a2261676772656761746f722f736f7572636573223b733a323a223432223b733a32313a2261676772656761746f722f63617465676f72696573223b733a323a223433223b733a31343a2261676772656761746f722f727373223b693a2d36373b733a31353a2261676772656761746f722f6f706d6c223b693a2d36383b733a373a2261726368697665223b733a323a223334223b733a31313a2261646d696e2f626c6f636b223b733a323a223136223b733a31363a2261646d696e2f626c6f636b2f6c697374223b693a2d37313b733a32313a2261646d696e2f626c6f636b2f636f6e666967757265223b693a2d37323b733a31383a2261646d696e2f626c6f636b2f64656c657465223b693a2d37333b733a31353a2261646d696e2f626c6f636b2f616464223b693a2d37343b733a32373a2261646d696e2f626c6f636b2f6c6973742f70757368627574746f6e223b693a2d37353b733a32393a2261646d696e2f626c6f636b2f6c6973742f626f785f677265795f646576223b693a2d37363b733a31333a226e6f64652f6164642f626c6f67223b733a323a223335223b733a343a22626c6f67223b733a323a223336223b733a363a22626c6f672f31223b693a2d37393b733a343a22626f6f6b223b733a323a223338223b733a31333a226e6f64652f6164642f626f6f6b223b733a323a223337223b733a31353a2261646d696e2f6e6f64652f626f6f6b223b693a2d38323b733a32303a2261646d696e2f6e6f64652f626f6f6b2f6c697374223b693a2d38333b733a32323a2261646d696e2f6e6f64652f626f6f6b2f6f727068616e223b693a2d38343b733a31313a22626f6f6b2f6578706f7274223b693a2d38363b733a31333a2261646d696e2f636f6d6d656e74223b733a323a223137223b733a31383a2261646d696e2f636f6d6d656e742f6c697374223b693a2d38383b733a32333a2261646d696e2f636f6d6d656e742f636f6e666967757265223b693a2d38393b733a32323a2261646d696e2f636f6d6d656e742f6c6973742f6e6577223b693a2d39303b733a32373a2261646d696e2f636f6d6d656e742f6c6973742f617070726f76616c223b693a2d39313b733a33323a2261646d696e2f636f6d6d656e742f636f6e6669677572652f73657474696e6773223b693a2d39323b733a31343a22636f6d6d656e742f64656c657465223b693a2d39333b733a31323a22636f6d6d656e742f65646974223b693a2d39343b733a31343a22666c6578696e6f64652f6c697374223b693a2d39353b733a31353a22666c6578696e6f64652f7461626c65223b693a2d39363b733a31343a22666c6578696e6f64652f66656564223b693a2d39373b733a31363a2261646d696e2f6e6f64652f7479706573223b693a2d39383b733a31353a2261646d696e2f6e6f64652f74797065223b693a2d39393b733a32323a2261646d696e2f6e6f64652f747970652f64656c657465223b693a2d3130303b733a31363a2261646d696e2f6e6f64652f6669656c64223b693a2d3130313b733a31363a22666c6578696e6f64652f757064617465223b693a2d3130323b733a31343a226e6f64652f6164642f666f72756d223b733a323a223530223b733a353a22666f72756d223b733a323a223531223b733a31313a2261646d696e2f666f72756d223b733a323a223532223b733a31363a2261646d696e2f666f72756d2f6c697374223b693a2d3130363b733a32353a2261646d696e2f666f72756d2f6164642f636f6e7461696e6572223b693a2d3130373b733a32313a2261646d696e2f666f72756d2f6164642f666f72756d223b693a2d3130383b733a32313a2261646d696e2f666f72756d2f636f6e666967757265223b693a2d3130393b733a31303a2261646d696e2f68656c70223b733a323a223138223b733a31383a2261646d696e2f68656c702f616473656e7365223b693a2d3131313b733a32313a2261646d696e2f68656c702f61676772656761746f72223b693a2d3131323b733a31383a2261646d696e2f68656c702f61726368697665223b693a2d3131333b733a31363a2261646d696e2f68656c702f626c6f636b223b693a2d3131343b733a31353a2261646d696e2f68656c702f626c6f67223b693a2d3131353b733a31353a2261646d696e2f68656c702f626f6f6b223b693a2d3131363b733a31383a2261646d696e2f68656c702f636f6d6d656e74223b693a2d3131373b733a31373a2261646d696e2f68656c702f66696c746572223b693a2d3131383b733a32303a2261646d696e2f68656c702f666c6578696e6f6465223b693a2d3131393b733a31363a2261646d696e2f68656c702f666f72756d223b693a2d3132303b733a31353a2261646d696e2f68656c702f68656c70223b693a2d3132313b733a31353a2261646d696e2f68656c702f6d656e75223b693a2d3132323b733a31353a2261646d696e2f68656c702f6e6f6465223b693a2d3132333b733a31353a2261646d696e2f68656c702f70616765223b693a2d3132343b733a31353a2261646d696e2f68656c702f706f6c6c223b693a2d3132353b733a32333a2261646d696e2f68656c702f706f6f726d616e7363726f6e223b693a2d3132363b733a31373a2261646d696e2f68656c702f736561726368223b693a2d3132373b733a31363a2261646d696e2f68656c702f73746f7279223b693a2d3132383b733a31373a2261646d696e2f68656c702f73797374656d223b693a2d3132393b733a31393a2261646d696e2f68656c702f7461786f6e6f6d79223b693a2d3133303b733a32353a2261646d696e2f68656c702f7461786f6e6f6d795f626c6f636b223b693a2d3133313b733a31393a2261646d696e2f68656c702f7468726f74746c65223b693a2d3133323b733a31373a2261646d696e2f68656c702f75706c6f6164223b693a2d3133333b733a31353a2261646d696e2f68656c702f75736572223b693a2d3133343b733a31393a2261646d696e2f68656c702f7761746368646f67223b693a2d3133353b733a31303a2261646d696e2f6d656e75223b733a323a223139223b733a31353a2261646d696e2f6d656e752f6c697374223b693a2d3133373b733a31393a2261646d696e2f6d656e752f6974656d2f616464223b693a2d3133383b733a32303a2261646d696e2f6d656e752f6974656d2f65646974223b693a2d3133393b733a32313a2261646d696e2f6d656e752f6974656d2f7265736574223b693a2d3134303b733a32333a2261646d696e2f6d656e752f6974656d2f64697361626c65223b693a2d3134313b733a32323a2261646d696e2f6d656e752f6974656d2f64656c657465223b693a2d3134323b733a31393a2261646d696e2f6d656e752f6d656e752f616464223b693a2d3134333b733a32303a2261646d696e2f6d656e752f6d656e752f65646974223b693a2d3134343b733a32323a2261646d696e2f6d656e752f6d656e752f64656c657465223b693a2d3134353b733a31393a2261646d696e2f73657474696e67732f6d656e75223b733a323a223234223b733a31333a226e6f64652f6164642f70616765223b733a323a223235223b733a31333a226e6f64652f6164642f706f6c6c223b733a323a223339223b733a343a22706f6c6c223b733a323a223430223b733a393a22706f6c6c2f766f7465223b693a2d3135303b733a363a22736561726368223b733a323a223431223b733a32363a2261646d696e2f73657474696e67732f7365617263682f77697065223b693a2d3135323b733a31343a226e6f64652f6164642f73746f7279223b733a323a223236223b733a31343a2261646d696e2f7461786f6e6f6d79223b733a323a223230223b733a31393a2261646d696e2f7461786f6e6f6d792f6c697374223b693a2d3135353b733a32393a2261646d696e2f7461786f6e6f6d792f6164642f766f636162756c617279223b693a2d3135363b733a33303a2261646d696e2f7461786f6e6f6d792f656469742f766f636162756c617279223b693a2d3135373b733a32343a2261646d696e2f7461786f6e6f6d792f656469742f7465726d223b693a2d3135383b733a31333a227461786f6e6f6d792f7465726d223b693a2d3135393b733a32313a227461786f6e6f6d792f6175746f636f6d706c657465223b693a2d3136303b733a32363a2261646d696e2f626c6f636b2f7461786f6e6f6d795f626c6f636b223b733a323a223534223b733a33313a2261646d696e2f626c6f636b2f7461786f6e6f6d795f626c6f636b2f65646974223b693a2d3136323b733a393a2275706c6f61642f6a73223b693a2d3136333b733a363a226e6f64652f36223b733a323a223439223b7d733a353a226974656d73223b613a3136363a7b693a303b613a353a7b733a343a2270617468223b733a303a22223b733a353a227469746c65223b733a303a22223b733a343a2274797065223b693a313b733a333a22706964223b693a313b733a383a226368696c6472656e223b613a323a7b693a303b693a313b693a313b693a323b7d7d693a313b613a373a7b733a333a22706964223b693a303b733a343a2270617468223b733a303a22223b733a353a227469746c65223b733a31303a224e617669676174696f6e223b733a363a22776569676874223b693a2d35303b733a363a22616363657373223b623a313b733a343a2274797065223b693a333b733a383a226368696c6472656e223b613a32353a7b693a303b693a2d31333b693a313b693a2d31343b693a323b693a2d31353b693a333b693a2d33323b693a343b693a2d39333b693a353b693a2d39343b693a363b693a2d39353b693a373b693a2d39363b693a383b693a2d39373b693a393b693a2d3130323b693a31303b693a2d3135393b693a31313b693a2d3136303b693a31323b693a2d3136333b693a31333b693a333b693a31343b693a343b693a31353b693a353b693a31363b693a363b693a31373b693a33333b693a31383b693a33343b693a31393b693a33363b693a32303b693a33383b693a32313b693a34303b693a32323b693a34313b693a32333b693a34393b693a32343b693a35313b7d7d693a2d323b613a363a7b733a343a2270617468223b733a31383a2261646d696e2f66696c746572732f6c697374223b733a353a227469746c65223b733a343a226c697374223b733a343a2274797065223b693a3634303b733a363a22616363657373223b623a313b733a363a22776569676874223b693a303b733a333a22706964223b733a313a2237223b7d693a2d333b613a363a7b733a343a2270617468223b733a31373a2261646d696e2f66696c746572732f616464223b733a353a227469746c65223b733a31363a2261646420696e70757420666f726d6174223b733a343a2274797065223b693a3132383b733a363a22776569676874223b693a313b733a363a22616363657373223b623a313b733a333a22706964223b733a313a2237223b7d693a2d343b613a363a7b733a343a2270617468223b733a32303a2261646d696e2f66696c746572732f64656c657465223b733a353a227469746c65223b733a31393a2264656c65746520696e70757420666f726d6174223b733a343a2274797065223b693a343b733a363a22616363657373223b623a313b733a363a22776569676874223b693a303b733a333a22706964223b733a313a2237223b7d693a2d373b613a353a7b733a343a2270617468223b733a31393a2261646d696e2f6e6f64652f6f76657276696577223b733a353a227469746c65223b733a343a226c697374223b733a343a2274797065223b693a3634303b733a363a22776569676874223b693a2d31303b733a333a22706964223b733a313a2238223b7d693a2d383b613a363a7b733a343a2270617468223b733a31373a2261646d696e2f6e6f64652f736561726368223b733a353a227469746c65223b733a363a22736561726368223b733a363a22616363657373223b623a313b733a343a2274797065223b693a3132383b733a363a22776569676874223b693a303b733a333a22706964223b733a313a2238223b7d693a2d31333b613a363a7b733a343a2270617468223b733a373a227273732e786d6c223b733a353a227469746c65223b733a383a227273732066656564223b733a363a22616363657373223b623a313b733a343a2274797065223b693a343b733a363a22776569676874223b693a303b733a333a22706964223b693a313b7d693a2d31343b613a363a7b733a343a2270617468223b733a31323a2273797374656d2f66696c6573223b733a353a227469746c65223b733a31333a2266696c6520646f776e6c6f6164223b733a363a22616363657373223b623a313b733a343a2274797065223b693a343b733a363a22776569676874223b693a303b733a333a22706964223b693a313b7d693a2d31353b613a353a7b733a343a2270617468223b733a31313a2273797374656d2f74657374223b733a363a22616363657373223b623a313b733a343a2274797065223b693a343b733a363a22776569676874223b693a303b733a333a22706964223b693a313b7d693a2d31383b613a363a7b733a343a2270617468223b733a31393a2261646d696e2f7468656d65732f73656c656374223b733a353a227469746c65223b733a343a226c697374223b733a363a22616363657373223b623a313b733a343a2274797065223b693a3634303b733a363a22776569676874223b693a2d313b733a333a22706964223b733a323a223130223b7d693a2d31393b613a373a7b733a343a2270617468223b733a32313a2261646d696e2f7468656d65732f73657474696e6773223b733a353a227469746c65223b733a393a22636f6e666967757265223b733a363a22616363657373223b623a313b733a343a2274797065223b693a3132383b733a363a22776569676874223b693a303b733a333a22706964223b733a323a223130223b733a383a226368696c6472656e223b613a333a7b693a303b693a2d32303b693a313b693a2d32313b693a323b693a2d32323b7d7d693a2d32303b613a363a7b733a343a2270617468223b733a32383a2261646d696e2f7468656d65732f73657474696e67732f676c6f62616c223b733a353a227469746c65223b733a31353a22676c6f62616c2073657474696e6773223b733a363a22616363657373223b623a313b733a343a2274797065223b693a3634303b733a363a22776569676874223b693a2d313b733a333a22706964223b693a2d31393b7d693a2d32313b613a363a7b733a343a2270617468223b733a33323a2261646d696e2f7468656d65732f73657474696e67732f70757368627574746f6e223b733a353a227469746c65223b733a31303a2270757368627574746f6e223b733a363a22616363657373223b623a313b733a343a2274797065223b693a3132383b733a363a22776569676874223b693a303b733a333a22706964223b693a2d31393b7d693a2d32323b613a363a7b733a343a2270617468223b733a33343a2261646d696e2f7468656d65732f73657474696e67732f626f785f677265795f646576223b733a353a227469746c65223b733a31323a22626f785f677265795f646576223b733a363a22616363657373223b623a313b733a343a2274797065223b693a3132383b733a363a22776569676874223b693a303b733a333a22706964223b693a2d31393b7d693a2d33323b613a373a7b733a343a2270617468223b733a343a2275736572223b733a353a227469746c65223b733a31323a2275736572206163636f756e74223b733a363a22616363657373223b623a313b733a343a2274797065223b693a343b733a363a22776569676874223b693a303b733a333a22706964223b693a313b733a383a226368696c6472656e223b613a373a7b693a303b693a2d33333b693a313b693a2d33343b693a323b693a2d33353b693a333b693a2d33363b693a343b693a2d33373b693a353b693a2d33383b693a363b693a2d35343b7d7d693a2d33333b613a363a7b733a343a2270617468223b733a31373a22757365722f6175746f636f6d706c657465223b733a353a227469746c65223b733a31373a2275736572206175746f636f6d706c657465223b733a363a22616363657373223b623a313b733a343a2274797065223b693a343b733a363a22776569676874223b693a303b733a333a22706964223b693a2d33323b7d693a2d33343b613a353a7b733a343a2270617468223b733a31303a22757365722f6c6f67696e223b733a353a227469746c65223b733a363a226c6f6720696e223b733a343a2274797065223b693a3634303b733a363a22776569676874223b693a303b733a333a22706964223b693a2d33323b7d693a2d33353b613a363a7b733a343a2270617468223b733a31333a22757365722f7265676973746572223b733a353a227469746c65223b733a383a227265676973746572223b733a363a22616363657373223b623a303b733a343a2274797065223b693a3132383b733a363a22776569676874223b693a303b733a333a22706964223b693a2d33323b7d693a2d33363b613a363a7b733a343a2270617468223b733a31333a22757365722f70617373776f7264223b733a353a227469746c65223b733a32303a2272657175657374206e65772070617373776f7264223b733a363a22616363657373223b623a303b733a343a2274797065223b693a3132383b733a363a22776569676874223b693a303b733a333a22706964223b693a2d33323b7d693a2d33373b613a363a7b733a343a2270617468223b733a31303a22757365722f7265736574223b733a353a227469746c65223b733a31343a2272657365742070617373776f7264223b733a363a22616363657373223b623a313b733a343a2274797065223b693a343b733a363a22776569676874223b693a303b733a333a22706964223b693a2d33323b7d693a2d33383b613a353a7b733a343a2270617468223b733a393a22757365722f68656c70223b733a353a227469746c65223b733a343a2268656c70223b733a343a2274797065223b693a343b733a363a22776569676874223b693a303b733a333a22706964223b693a2d33323b7d693a2d34303b613a353a7b733a343a2270617468223b733a31353a2261646d696e2f757365722f6c697374223b733a353a227469746c65223b733a343a226c697374223b733a343a2274797065223b693a3634303b733a363a22776569676874223b693a2d31303b733a333a22706964223b733a323a223133223b7d693a2d34313b613a363a7b733a343a2270617468223b733a31373a2261646d696e2f757365722f637265617465223b733a353a227469746c65223b733a383a226164642075736572223b733a363a22616363657373223b623a313b733a343a2274797065223b693a3132383b733a363a22776569676874223b693a303b733a333a22706964223b733a323a223133223b7d693a2d34343b613a363a7b733a343a2270617468223b733a32343a2261646d696e2f6163636573732f7065726d697373696f6e73223b733a353a227469746c65223b733a31313a227065726d697373696f6e73223b733a363a22616363657373223b623a313b733a343a2274797065223b693a3634303b733a363a22776569676874223b693a2d31303b733a333a22706964223b733a323a223134223b7d693a2d34353b613a373a7b733a343a2270617468223b733a31383a2261646d696e2f6163636573732f726f6c6573223b733a353a227469746c65223b733a353a22726f6c6573223b733a363a22616363657373223b623a313b733a343a2274797065223b693a3132383b733a363a22776569676874223b693a303b733a333a22706964223b733a323a223134223b733a383a226368696c6472656e223b613a313a7b693a303b693a2d34363b7d7d693a2d34363b613a363a7b733a343a2270617468223b733a32333a2261646d696e2f6163636573732f726f6c65732f65646974223b733a353a227469746c65223b733a393a226564697420726f6c65223b733a363a22616363657373223b623a313b733a343a2274797065223b693a343b733a363a22776569676874223b693a303b733a333a22706964223b693a2d34353b7d693a2d34373b613a373a7b733a343a2270617468223b733a31383a2261646d696e2f6163636573732f72756c6573223b733a353a227469746c65223b733a31323a226163636573732072756c6573223b733a363a22616363657373223b623a313b733a343a2274797065223b693a3132383b733a363a22776569676874223b693a31303b733a333a22706964223b733a323a223134223b733a383a226368696c6472656e223b613a353a7b693a303b693a2d34383b693a313b693a2d34393b693a323b693a2d35303b693a333b693a2d35313b693a343b693a2d35323b7d7d693a2d34383b613a363a7b733a343a2270617468223b733a32333a2261646d696e2f6163636573732f72756c65732f6c697374223b733a353a227469746c65223b733a343a226c697374223b733a363a22616363657373223b623a313b733a343a2274797065223b693a3634303b733a363a22776569676874223b693a2d31303b733a333a22706964223b693a2d34373b7d693a2d34393b613a363a7b733a343a2270617468223b733a32323a2261646d696e2f6163636573732f72756c65732f616464223b733a353a227469746c65223b733a383a226164642072756c65223b733a363a22616363657373223b623a313b733a343a2274797065223b693a3132383b733a363a22776569676874223b693a303b733a333a22706964223b693a2d34373b7d693a2d35303b613a363a7b733a343a2270617468223b733a32343a2261646d696e2f6163636573732f72756c65732f636865636b223b733a353a227469746c65223b733a31313a22636865636b2072756c6573223b733a363a22616363657373223b623a313b733a343a2274797065223b693a3132383b733a363a22776569676874223b693a303b733a333a22706964223b693a2d34373b7d693a2d35313b613a363a7b733a343a2270617468223b733a32333a2261646d696e2f6163636573732f72756c65732f65646974223b733a353a227469746c65223b733a393a22656469742072756c65223b733a363a22616363657373223b623a313b733a343a2274797065223b693a343b733a363a22776569676874223b693a303b733a333a22706964223b693a2d34373b7d693a2d35323b613a363a7b733a343a2270617468223b733a32353a2261646d696e2f6163636573732f72756c65732f64656c657465223b733a353a227469746c65223b733a31313a2264656c6574652072756c65223b733a363a22616363657373223b623a313b733a343a2274797065223b693a343b733a363a22776569676874223b693a303b733a333a22706964223b693a2d34373b7d693a2d35333b613a363a7b733a343a2270617468223b733a31373a2261646d696e2f757365722f736561726368223b733a353a227469746c65223b733a363a22736561726368223b733a363a22616363657373223b623a313b733a343a2274797065223b693a3132383b733a363a22776569676874223b693a303b733a333a22706964223b733a323a223133223b7d693a2d35343b613a363a7b733a343a2270617468223b733a363a22757365722f31223b733a353a227469746c65223b733a31303a226d79206163636f756e74223b733a363a22616363657373223b623a313b733a343a2274797065223b693a363b733a363a22776569676874223b693a303b733a333a22706964223b693a2d33323b7d693a2d35373b613a353a7b733a343a2270617468223b733a31363a2261646d696e2f6c6f67732f6576656e74223b733a353a227469746c65223b733a373a2264657461696c73223b733a343a2274797065223b693a343b733a363a22776569676874223b693a303b733a333a22706964223b733a323a223135223b7d693a2d35393b613a363a7b733a343a2270617468223b733a32353a2261646d696e2f61676772656761746f722f6164642f66656564223b733a353a227469746c65223b733a383a226164642066656564223b733a363a22616363657373223b623a313b733a343a2274797065223b693a3132383b733a363a22776569676874223b693a303b733a333a22706964223b733a323a223332223b7d693a2d36303b613a363a7b733a343a2270617468223b733a32393a2261646d696e2f61676772656761746f722f6164642f63617465676f7279223b733a353a227469746c65223b733a31323a226164642063617465676f7279223b733a363a22616363657373223b623a313b733a343a2274797065223b693a3132383b733a363a22776569676874223b693a303b733a333a22706964223b733a323a223332223b7d693a2d36313b613a363a7b733a343a2270617468223b733a32333a2261646d696e2f61676772656761746f722f72656d6f7665223b733a353a227469746c65223b733a31323a2272656d6f7665206974656d73223b733a363a22616363657373223b623a313b733a343a2274797065223b693a343b733a363a22776569676874223b693a303b733a333a22706964223b733a323a223332223b7d693a2d36323b613a363a7b733a343a2270617468223b733a32333a2261646d696e2f61676772656761746f722f757064617465223b733a353a227469746c65223b733a31323a22757064617465206974656d73223b733a363a22616363657373223b623a313b733a343a2274797065223b693a343b733a363a22776569676874223b693a303b733a333a22706964223b733a323a223332223b7d693a2d36333b613a353a7b733a343a2270617468223b733a32313a2261646d696e2f61676772656761746f722f6c697374223b733a353a227469746c65223b733a343a226c697374223b733a343a2274797065223b693a3634303b733a363a22776569676874223b693a2d31303b733a333a22706964223b733a323a223332223b7d693a2d36373b613a363a7b733a343a2270617468223b733a31343a2261676772656761746f722f727373223b733a353a227469746c65223b733a383a225253532066656564223b733a363a22616363657373223b623a313b733a343a2274797065223b693a343b733a363a22776569676874223b693a303b733a333a22706964223b733a323a223333223b7d693a2d36383b613a363a7b733a343a2270617468223b733a31353a2261676772656761746f722f6f706d6c223b733a353a227469746c65223b733a393a224f504d4c2066656564223b733a363a22616363657373223b623a313b733a343a2274797065223b693a343b733a363a22776569676874223b693a303b733a333a22706964223b733a323a223333223b7d693a2d37313b613a363a7b733a343a2270617468223b733a31363a2261646d696e2f626c6f636b2f6c697374223b733a353a227469746c65223b733a343a226c697374223b733a343a2274797065223b693a3634303b733a363a22776569676874223b693a2d31303b733a333a22706964223b733a323a223136223b733a383a226368696c6472656e223b613a323a7b693a303b693a2d37353b693a313b693a2d37363b7d7d693a2d37323b613a363a7b733a343a2270617468223b733a32313a2261646d696e2f626c6f636b2f636f6e666967757265223b733a353a227469746c65223b733a31353a22636f6e66696775726520626c6f636b223b733a363a22616363657373223b623a313b733a343a2274797065223b693a343b733a363a22776569676874223b693a303b733a333a22706964223b733a323a223136223b7d693a2d37333b613a363a7b733a343a2270617468223b733a31383a2261646d696e2f626c6f636b2f64656c657465223b733a353a227469746c65223b733a31323a2264656c65746520626c6f636b223b733a363a22616363657373223b623a313b733a343a2274797065223b693a343b733a363a22776569676874223b693a303b733a333a22706964223b733a323a223136223b7d693a2d37343b613a363a7b733a343a2270617468223b733a31353a2261646d696e2f626c6f636b2f616464223b733a353a227469746c65223b733a393a2261646420626c6f636b223b733a363a22616363657373223b623a313b733a343a2274797065223b693a3132383b733a363a22776569676874223b693a303b733a333a22706964223b733a323a223136223b7d693a2d37353b613a363a7b733a343a2270617468223b733a32373a2261646d696e2f626c6f636b2f6c6973742f70757368627574746f6e223b733a353a227469746c65223b733a31393a2270757368627574746f6e2073657474696e6773223b733a363a22616363657373223b623a313b733a343a2274797065223b693a3132383b733a363a22776569676874223b693a303b733a333a22706964223b693a2d37313b7d693a2d37363b613a363a7b733a343a2270617468223b733a32393a2261646d696e2f626c6f636b2f6c6973742f626f785f677265795f646576223b733a353a227469746c65223b733a32313a22626f785f677265795f6465762073657474696e6773223b733a363a22616363657373223b623a313b733a343a2274797065223b693a3634303b733a363a22776569676874223b693a2d31303b733a333a22706964223b693a2d37313b7d693a2d37393b613a363a7b733a343a2270617468223b733a363a22626c6f672f31223b733a353a227469746c65223b733a373a226d7920626c6f67223b733a363a22616363657373223b623a313b733a343a2274797065223b693a363b733a363a22776569676874223b693a303b733a333a22706964223b733a323a223336223b7d693a2d38323b613a373a7b733a343a2270617468223b733a31353a2261646d696e2f6e6f64652f626f6f6b223b733a353a227469746c65223b733a353a22626f6f6b73223b733a363a22616363657373223b623a313b733a343a2274797065223b693a3132383b733a363a22776569676874223b693a2d313b733a333a22706964223b733a313a2238223b733a383a226368696c6472656e223b613a323a7b693a303b693a2d38333b693a313b693a2d38343b7d7d693a2d38333b613a353a7b733a343a2270617468223b733a32303a2261646d696e2f6e6f64652f626f6f6b2f6c697374223b733a353a227469746c65223b733a343a226c697374223b733a343a2274797065223b693a3634303b733a363a22776569676874223b693a303b733a333a22706964223b693a2d38323b7d693a2d38343b613a353a7b733a343a2270617468223b733a32323a2261646d696e2f6e6f64652f626f6f6b2f6f727068616e223b733a353a227469746c65223b733a31323a226f727068616e207061676573223b733a343a2274797065223b693a3132383b733a363a22776569676874223b693a383b733a333a22706964223b693a2d38323b7d693a2d38363b613a353a7b733a343a2270617468223b733a31313a22626f6f6b2f6578706f7274223b733a363a22616363657373223b623a313b733a343a2274797065223b693a343b733a363a22776569676874223b693a303b733a333a22706964223b733a323a223338223b7d693a2d38383b613a363a7b733a343a2270617468223b733a31383a2261646d696e2f636f6d6d656e742f6c697374223b733a353a227469746c65223b733a343a226c697374223b733a343a2274797065223b693a3634303b733a363a22776569676874223b693a2d31303b733a333a22706964223b733a323a223137223b733a383a226368696c6472656e223b613a323a7b693a303b693a2d39303b693a313b693a2d39313b7d7d693a2d38393b613a373a7b733a343a2270617468223b733a32333a2261646d696e2f636f6d6d656e742f636f6e666967757265223b733a353a227469746c65223b733a393a22636f6e666967757265223b733a363a22616363657373223b623a313b733a343a2274797065223b693a3132383b733a363a22776569676874223b693a303b733a333a22706964223b733a323a223137223b733a383a226368696c6472656e223b613a313a7b693a303b693a2d39323b7d7d693a2d39303b613a353a7b733a343a2270617468223b733a32323a2261646d696e2f636f6d6d656e742f6c6973742f6e6577223b733a353a227469746c65223b733a31383a227075626c697368656420636f6d6d656e7473223b733a343a2274797065223b693a3634303b733a363a22776569676874223b693a2d31303b733a333a22706964223b693a2d38383b7d693a2d39313b613a363a7b733a343a2270617468223b733a32373a2261646d696e2f636f6d6d656e742f6c6973742f617070726f76616c223b733a353a227469746c65223b733a31343a22617070726f76616c207175657565223b733a363a22616363657373223b623a313b733a343a2274797065223b693a3132383b733a363a22776569676874223b693a303b733a333a22706964223b693a2d38383b7d693a2d39323b613a353a7b733a343a2270617468223b733a33323a2261646d696e2f636f6d6d656e742f636f6e6669677572652f73657474696e6773223b733a353a227469746c65223b733a383a2273657474696e6773223b733a343a2274797065223b693a3634303b733a363a22776569676874223b693a2d31303b733a333a22706964223b693a2d38393b7d693a2d39333b613a363a7b733a343a2270617468223b733a31343a22636f6d6d656e742f64656c657465223b733a353a227469746c65223b733a31343a2264656c65746520636f6d6d656e74223b733a363a22616363657373223b623a313b733a343a2274797065223b693a343b733a363a22776569676874223b693a303b733a333a22706964223b693a313b7d693a2d39343b613a363a7b733a343a2270617468223b733a31323a22636f6d6d656e742f65646974223b733a353a227469746c65223b733a31323a226564697420636f6d6d656e74223b733a363a22616363657373223b623a313b733a343a2274797065223b693a343b733a363a22776569676874223b693a303b733a333a22706964223b693a313b7d693a2d39353b613a363a7b733a343a2270617468223b733a31343a22666c6578696e6f64652f6c697374223b733a353a227469746c65223b733a393a226c6973742076696577223b733a363a22616363657373223b623a313b733a343a2274797065223b693a343b733a363a22776569676874223b693a303b733a333a22706964223b693a313b7d693a2d39363b613a363a7b733a343a2270617468223b733a31353a22666c6578696e6f64652f7461626c65223b733a353a227469746c65223b733a31323a22746162756c61722076696577223b733a363a22616363657373223b623a313b733a343a2274797065223b693a343b733a363a22776569676874223b693a303b733a333a22706964223b693a313b7d693a2d39373b613a363a7b733a343a2270617468223b733a31343a22666c6578696e6f64652f66656564223b733a353a227469746c65223b733a383a227273732066656564223b733a363a22616363657373223b623a313b733a343a2274797065223b693a343b733a363a22776569676874223b693a303b733a333a22706964223b693a313b7d693a2d39383b613a363a7b733a343a2270617468223b733a31363a2261646d696e2f6e6f64652f7479706573223b733a353a227469746c65223b733a31333a22636f6e74656e74207479706573223b733a363a22616363657373223b623a313b733a343a2274797065223b693a3132383b733a363a22776569676874223b693a303b733a333a22706964223b733a313a2238223b7d693a2d39393b613a373a7b733a343a2270617468223b733a31353a2261646d696e2f6e6f64652f74797065223b733a353a227469746c65223b733a31363a2261646420636f6e74656e742074797065223b733a363a22616363657373223b623a313b733a343a2274797065223b693a3132383b733a363a22776569676874223b693a303b733a333a22706964223b733a313a2238223b733a383a226368696c6472656e223b613a313a7b693a303b693a2d3130303b7d7d693a2d3130303b613a363a7b733a343a2270617468223b733a32323a2261646d696e2f6e6f64652f747970652f64656c657465223b733a353a227469746c65223b733a31393a2264656c65746520636f6e74656e742074797065223b733a363a22616363657373223b623a313b733a343a2274797065223b693a343b733a363a22776569676874223b693a303b733a333a22706964223b693a2d39393b7d693a2d3130313b613a363a7b733a343a2270617468223b733a31363a2261646d696e2f6e6f64652f6669656c64223b733a353a227469746c65223b733a31313a2265646974206669656c6473223b733a363a22616363657373223b623a313b733a343a2274797065223b693a343b733a363a22776569676874223b693a303b733a333a22706964223b733a313a2238223b7d693a2d3130323b613a363a7b733a343a2270617468223b733a31363a22666c6578696e6f64652f757064617465223b733a353a227469746c65223b733a363a22757064617465223b733a363a22616363657373223b623a313b733a343a2274797065223b693a343b733a363a22776569676874223b693a303b733a333a22706964223b693a313b7d693a2d3130363b613a363a7b733a343a2270617468223b733a31363a2261646d696e2f666f72756d2f6c697374223b733a353a227469746c65223b733a343a226c697374223b733a363a22616363657373223b623a313b733a343a2274797065223b693a3634303b733a363a22776569676874223b693a2d31303b733a333a22706964223b733a323a223532223b7d693a2d3130373b613a363a7b733a343a2270617468223b733a32353a2261646d696e2f666f72756d2f6164642f636f6e7461696e6572223b733a353a227469746c65223b733a31333a2261646420636f6e7461696e6572223b733a363a22616363657373223b623a313b733a343a2274797065223b693a3132383b733a363a22776569676874223b693a303b733a333a22706964223b733a323a223532223b7d693a2d3130383b613a363a7b733a343a2270617468223b733a32313a2261646d696e2f666f72756d2f6164642f666f72756d223b733a353a227469746c65223b733a393a2261646420666f72756d223b733a363a22616363657373223b623a313b733a343a2274797065223b693a3132383b733a363a22776569676874223b693a303b733a333a22706964223b733a323a223532223b7d693a2d3130393b613a363a7b733a343a2270617468223b733a32313a2261646d696e2f666f72756d2f636f6e666967757265223b733a353a227469746c65223b733a393a22636f6e666967757265223b733a363a22616363657373223b623a313b733a343a2274797065223b693a3132383b733a363a22776569676874223b693a303b733a333a22706964223b733a323a223532223b7d693a2d3131313b613a363a7b733a343a2270617468223b733a31383a2261646d696e2f68656c702f616473656e7365223b733a353a227469746c65223b733a373a22616473656e7365223b733a343a2274797065223b693a343b733a363a22616363657373223b623a313b733a363a22776569676874223b693a303b733a333a22706964223b733a323a223138223b7d693a2d3131323b613a363a7b733a343a2270617468223b733a32313a2261646d696e2f68656c702f61676772656761746f72223b733a353a227469746c65223b733a31303a2261676772656761746f72223b733a343a2274797065223b693a343b733a363a22616363657373223b623a313b733a363a22776569676874223b693a303b733a333a22706964223b733a323a223138223b7d693a2d3131333b613a363a7b733a343a2270617468223b733a31383a2261646d696e2f68656c702f61726368697665223b733a353a227469746c65223b733a373a2261726368697665223b733a343a2274797065223b693a343b733a363a22616363657373223b623a313b733a363a22776569676874223b693a303b733a333a22706964223b733a323a223138223b7d693a2d3131343b613a363a7b733a343a2270617468223b733a31363a2261646d696e2f68656c702f626c6f636b223b733a353a227469746c65223b733a353a22626c6f636b223b733a343a2274797065223b693a343b733a363a22616363657373223b623a313b733a363a22776569676874223b693a303b733a333a22706964223b733a323a223138223b7d693a2d3131353b613a363a7b733a343a2270617468223b733a31353a2261646d696e2f68656c702f626c6f67223b733a353a227469746c65223b733a343a22626c6f67223b733a343a2274797065223b693a343b733a363a22616363657373223b623a313b733a363a22776569676874223b693a303b733a333a22706964223b733a323a223138223b7d693a2d3131363b613a363a7b733a343a2270617468223b733a31353a2261646d696e2f68656c702f626f6f6b223b733a353a227469746c65223b733a343a22626f6f6b223b733a343a2274797065223b693a343b733a363a22616363657373223b623a313b733a363a22776569676874223b693a303b733a333a22706964223b733a323a223138223b7d693a2d3131373b613a363a7b733a343a2270617468223b733a31383a2261646d696e2f68656c702f636f6d6d656e74223b733a353a227469746c65223b733a373a22636f6d6d656e74223b733a343a2274797065223b693a343b733a363a22616363657373223b623a313b733a363a22776569676874223b693a303b733a333a22706964223b733a323a223138223b7d693a2d3131383b613a363a7b733a343a2270617468223b733a31373a2261646d696e2f68656c702f66696c746572223b733a353a227469746c65223b733a363a2266696c746572223b733a343a2274797065223b693a343b733a363a22616363657373223b623a313b733a363a22776569676874223b693a303b733a333a22706964223b733a323a223138223b7d693a2d3131393b613a363a7b733a343a2270617468223b733a32303a2261646d696e2f68656c702f666c6578696e6f6465223b733a353a227469746c65223b733a393a22666c6578696e6f6465223b733a343a2274797065223b693a343b733a363a22616363657373223b623a313b733a363a22776569676874223b693a303b733a333a22706964223b733a323a223138223b7d693a2d3132303b613a363a7b733a343a2270617468223b733a31363a2261646d696e2f68656c702f666f72756d223b733a353a227469746c65223b733a353a22666f72756d223b733a343a2274797065223b693a343b733a363a22616363657373223b623a313b733a363a22776569676874223b693a303b733a333a22706964223b733a323a223138223b7d693a2d3132313b613a363a7b733a343a2270617468223b733a31353a2261646d696e2f68656c702f68656c70223b733a353a227469746c65223b733a343a2268656c70223b733a343a2274797065223b693a343b733a363a22616363657373223b623a313b733a363a22776569676874223b693a303b733a333a22706964223b733a323a223138223b7d693a2d3132323b613a363a7b733a343a2270617468223b733a31353a2261646d696e2f68656c702f6d656e75223b733a353a227469746c65223b733a343a226d656e75223b733a343a2274797065223b693a343b733a363a22616363657373223b623a313b733a363a22776569676874223b693a303b733a333a22706964223b733a323a223138223b7d693a2d3132333b613a363a7b733a343a2270617468223b733a31353a2261646d696e2f68656c702f6e6f6465223b733a353a227469746c65223b733a343a226e6f6465223b733a343a2274797065223b693a343b733a363a22616363657373223b623a313b733a363a22776569676874223b693a303b733a333a22706964223b733a323a223138223b7d693a2d3132343b613a363a7b733a343a2270617468223b733a31353a2261646d696e2f68656c702f70616765223b733a353a227469746c65223b733a343a2270616765223b733a343a2274797065223b693a343b733a363a22616363657373223b623a313b733a363a22776569676874223b693a303b733a333a22706964223b733a323a223138223b7d693a2d3132353b613a363a7b733a343a2270617468223b733a31353a2261646d696e2f68656c702f706f6c6c223b733a353a227469746c65223b733a343a22706f6c6c223b733a343a2274797065223b693a343b733a363a22616363657373223b623a313b733a363a22776569676874223b693a303b733a333a22706964223b733a323a223138223b7d693a2d3132363b613a363a7b733a343a2270617468223b733a32333a2261646d696e2f68656c702f706f6f726d616e7363726f6e223b733a353a227469746c65223b733a31323a22706f6f726d616e7363726f6e223b733a343a2274797065223b693a343b733a363a22616363657373223b623a313b733a363a22776569676874223b693a303b733a333a22706964223b733a323a223138223b7d693a2d3132373b613a363a7b733a343a2270617468223b733a31373a2261646d696e2f68656c702f736561726368223b733a353a227469746c65223b733a363a22736561726368223b733a343a2274797065223b693a343b733a363a22616363657373223b623a313b733a363a22776569676874223b693a303b733a333a22706964223b733a323a223138223b7d693a2d3132383b613a363a7b733a343a2270617468223b733a31363a2261646d696e2f68656c702f73746f7279223b733a353a227469746c65223b733a353a2273746f7279223b733a343a2274797065223b693a343b733a363a22616363657373223b623a313b733a363a22776569676874223b693a303b733a333a22706964223b733a323a223138223b7d693a2d3132393b613a363a7b733a343a2270617468223b733a31373a2261646d696e2f68656c702f73797374656d223b733a353a227469746c65223b733a363a2273797374656d223b733a343a2274797065223b693a343b733a363a22616363657373223b623a313b733a363a22776569676874223b693a303b733a333a22706964223b733a323a223138223b7d693a2d3133303b613a363a7b733a343a2270617468223b733a31393a2261646d696e2f68656c702f7461786f6e6f6d79223b733a353a227469746c65223b733a383a227461786f6e6f6d79223b733a343a2274797065223b693a343b733a363a22616363657373223b623a313b733a363a22776569676874223b693a303b733a333a22706964223b733a323a223138223b7d693a2d3133313b613a363a7b733a343a2270617468223b733a32353a2261646d696e2f68656c702f7461786f6e6f6d795f626c6f636b223b733a353a227469746c65223b733a31343a227461786f6e6f6d795f626c6f636b223b733a343a2274797065223b693a343b733a363a22616363657373223b623a313b733a363a22776569676874223b693a303b733a333a22706964223b733a323a223138223b7d693a2d3133323b613a363a7b733a343a2270617468223b733a31393a2261646d696e2f68656c702f7468726f74746c65223b733a353a227469746c65223b733a383a227468726f74746c65223b733a343a2274797065223b693a343b733a363a22616363657373223b623a313b733a363a22776569676874223b693a303b733a333a22706964223b733a323a223138223b7d693a2d3133333b613a363a7b733a343a2270617468223b733a31373a2261646d696e2f68656c702f75706c6f6164223b733a353a227469746c65223b733a363a2275706c6f6164223b733a343a2274797065223b693a343b733a363a22616363657373223b623a313b733a363a22776569676874223b693a303b733a333a22706964223b733a323a223138223b7d693a2d3133343b613a363a7b733a343a2270617468223b733a31353a2261646d696e2f68656c702f75736572223b733a353a227469746c65223b733a343a2275736572223b733a343a2274797065223b693a343b733a363a22616363657373223b623a313b733a363a22776569676874223b693a303b733a333a22706964223b733a323a223138223b7d693a2d3133353b613a363a7b733a343a2270617468223b733a31393a2261646d696e2f68656c702f7761746368646f67223b733a353a227469746c65223b733a383a227761746368646f67223b733a343a2274797065223b693a343b733a363a22616363657373223b623a313b733a363a22776569676874223b693a303b733a333a22706964223b733a323a223138223b7d693a2d3133373b613a353a7b733a343a2270617468223b733a31353a2261646d696e2f6d656e752f6c697374223b733a353a227469746c65223b733a343a226c697374223b733a343a2274797065223b693a3634303b733a363a22776569676874223b693a2d31303b733a333a22706964223b733a323a223139223b7d693a2d3133383b613a363a7b733a343a2270617468223b733a31393a2261646d696e2f6d656e752f6974656d2f616464223b733a353a227469746c65223b733a31333a22616464206d656e75206974656d223b733a363a22616363657373223b623a313b733a343a2274797065223b693a3132383b733a363a22776569676874223b693a303b733a333a22706964223b733a323a223139223b7d693a2d3133393b613a363a7b733a343a2270617468223b733a32303a2261646d696e2f6d656e752f6974656d2f65646974223b733a353a227469746c65223b733a31343a2265646974206d656e75206974656d223b733a363a22616363657373223b623a313b733a343a2274797065223b693a343b733a363a22776569676874223b693a303b733a333a22706964223b733a323a223139223b7d693a2d3134303b613a363a7b733a343a2270617468223b733a32313a2261646d696e2f6d656e752f6974656d2f7265736574223b733a353a227469746c65223b733a31353a227265736574206d656e75206974656d223b733a363a22616363657373223b623a313b733a343a2274797065223b693a343b733a363a22776569676874223b693a303b733a333a22706964223b733a323a223139223b7d693a2d3134313b613a363a7b733a343a2270617468223b733a32333a2261646d696e2f6d656e752f6974656d2f64697361626c65223b733a353a227469746c65223b733a31373a2264697361626c65206d656e75206974656d223b733a363a22616363657373223b623a313b733a343a2274797065223b693a343b733a363a22776569676874223b693a303b733a333a22706964223b733a323a223139223b7d693a2d3134323b613a363a7b733a343a2270617468223b733a32323a2261646d696e2f6d656e752f6974656d2f64656c657465223b733a353a227469746c65223b733a31363a2264656c657465206d656e75206974656d223b733a363a22616363657373223b623a313b733a343a2274797065223b693a343b733a363a22776569676874223b693a303b733a333a22706964223b733a323a223139223b7d693a2d3134333b613a363a7b733a343a2270617468223b733a31393a2261646d696e2f6d656e752f6d656e752f616464223b733a353a227469746c65223b733a383a22616464206d656e75223b733a363a22616363657373223b623a313b733a343a2274797065223b693a3132383b733a363a22776569676874223b693a303b733a333a22706964223b733a323a223139223b7d693a2d3134343b613a363a7b733a343a2270617468223b733a32303a2261646d696e2f6d656e752f6d656e752f65646974223b733a353a227469746c65223b733a393a2265646974206d656e75223b733a363a22616363657373223b623a313b733a343a2274797065223b693a343b733a363a22776569676874223b693a303b733a333a22706964223b733a323a223139223b7d693a2d3134353b613a363a7b733a343a2270617468223b733a32323a2261646d696e2f6d656e752f6d656e752f64656c657465223b733a353a227469746c65223b733a31313a2264656c657465206d656e75223b733a363a22616363657373223b623a313b733a343a2274797065223b693a343b733a363a22776569676874223b693a303b733a333a22706964223b733a323a223139223b7d693a2d3135303b613a363a7b733a343a2270617468223b733a393a22706f6c6c2f766f7465223b733a353a227469746c65223b733a343a22766f7465223b733a363a22616363657373223b623a313b733a343a2274797065223b693a343b733a363a22776569676874223b693a303b733a333a22706964223b733a323a223430223b7d693a2d3135323b613a363a7b733a343a2270617468223b733a32363a2261646d696e2f73657474696e67732f7365617263682f77697065223b733a353a227469746c65223b733a31313a22436c65617220696e646578223b733a363a22616363657373223b623a313b733a343a2274797065223b693a343b733a363a22776569676874223b693a303b733a333a22706964223b733a323a223330223b7d693a2d3135353b613a353a7b733a343a2270617468223b733a31393a2261646d696e2f7461786f6e6f6d792f6c697374223b733a353a227469746c65223b733a343a226c697374223b733a343a2274797065223b693a3634303b733a363a22776569676874223b693a2d31303b733a333a22706964223b733a323a223230223b7d693a2d3135363b613a363a7b733a343a2270617468223b733a32393a2261646d696e2f7461786f6e6f6d792f6164642f766f636162756c617279223b733a353a227469746c65223b733a31343a2261646420766f636162756c617279223b733a363a22616363657373223b623a313b733a343a2274797065223b693a3132383b733a363a22776569676874223b693a303b733a333a22706964223b733a323a223230223b7d693a2d3135373b613a363a7b733a343a2270617468223b733a33303a2261646d696e2f7461786f6e6f6d792f656469742f766f636162756c617279223b733a353a227469746c65223b733a31353a226564697420766f636162756c617279223b733a363a22616363657373223b623a313b733a343a2274797065223b693a343b733a363a22776569676874223b693a303b733a333a22706964223b733a323a223230223b7d693a2d3135383b613a363a7b733a343a2270617468223b733a32343a2261646d696e2f7461786f6e6f6d792f656469742f7465726d223b733a353a227469746c65223b733a393a2265646974207465726d223b733a363a22616363657373223b623a313b733a343a2274797065223b693a343b733a363a22776569676874223b693a303b733a333a22706964223b733a323a223230223b7d693a2d3135393b613a363a7b733a343a2270617468223b733a31333a227461786f6e6f6d792f7465726d223b733a353a227469746c65223b733a31333a227461786f6e6f6d79207465726d223b733a363a22616363657373223b623a313b733a343a2274797065223b693a343b733a363a22776569676874223b693a303b733a333a22706964223b693a313b7d693a2d3136303b613a363a7b733a343a2270617468223b733a32313a227461786f6e6f6d792f6175746f636f6d706c657465223b733a353a227469746c65223b733a32313a226175746f636f6d706c657465207461786f6e6f6d79223b733a363a22616363657373223b623a313b733a343a2274797065223b693a343b733a363a22776569676874223b693a303b733a333a22706964223b693a313b7d693a2d3136323b613a363a7b733a343a2270617468223b733a33313a2261646d696e2f626c6f636b2f7461786f6e6f6d795f626c6f636b2f65646974223b733a353a227469746c65223b733a31393a2265646974207461786f6e6f6d7920626c6f636b223b733a363a22616363657373223b623a313b733a343a2274797065223b693a343b733a363a22776569676874223b693a303b733a333a22706964223b733a323a223534223b7d693a2d3136333b613a353a7b733a343a2270617468223b733a393a2275706c6f61642f6a73223b733a363a22616363657373223b623a313b733a343a2274797065223b693a343b733a363a22776569676874223b693a303b733a333a22706964223b693a313b7d693a323b613a363a7b733a343a2270617468223b733a303a22223b733a353a227469746c65223b733a31333a225072696d617279206c696e6b73223b733a31313a226465736372697074696f6e223b733a303a22223b733a333a22706964223b733a313a2230223b733a363a22776569676874223b733a313a2230223b733a343a2274797065223b733a333a22313135223b7d693a333b613a363a7b733a343a2270617468223b733a31313a2266696c7465722f74697073223b733a353a227469746c65223b733a31323a22636f6d706f73652074697073223b733a363a22616363657373223b623a313b733a343a2274797065223b693a31363b733a363a22776569676874223b693a303b733a333a22706964223b693a313b7d693a343b613a373a7b733a343a2270617468223b733a343a226e6f6465223b733a353a227469746c65223b733a373a22636f6e74656e74223b733a363a22616363657373223b623a313b733a343a2274797065223b693a31363b733a363a22776569676874223b693a303b733a333a22706964223b693a313b733a383a226368696c6472656e223b613a313a7b693a303b693a393b7d7d693a353b613a373a7b733a343a2270617468223b733a353a2261646d696e223b733a353a227469746c65223b733a31303a2261646d696e6973746572223b733a363a22616363657373223b623a313b733a363a22776569676874223b693a393b733a343a2274797065223b693a32323b733a333a22706964223b693a313b733a383a226368696c6472656e223b613a31353a7b693a303b693a373b693a313b693a383b693a323b693a31303b693a333b693a31313b693a343b693a31323b693a353b693a31333b693a363b693a31343b693a373b693a31353b693a383b693a31363b693a393b693a31373b693a31303b693a31383b693a31313b693a31393b693a31323b693a32303b693a31333b693a33323b693a31343b693a35323b7d7d693a363b613a363a7b733a343a2270617468223b733a363a226c6f676f7574223b733a353a227469746c65223b733a373a226c6f67206f7574223b733a363a22616363657373223b623a313b733a363a22776569676874223b693a31303b733a343a2274797065223b693a32323b733a333a22706964223b693a313b7d693a373b613a373a7b733a343a2270617468223b733a31333a2261646d696e2f66696c74657273223b733a353a227469746c65223b733a31333a22696e70757420666f726d617473223b733a363a22616363657373223b623a313b733a343a2274797065223b693a32323b733a363a22776569676874223b693a303b733a383a226368696c6472656e223b613a333a7b693a303b693a2d323b693a313b693a2d333b693a323b693a2d343b7d733a333a22706964223b733a313a2235223b7d693a383b613a373a7b733a343a2270617468223b733a31303a2261646d696e2f6e6f6465223b733a353a227469746c65223b733a373a22636f6e74656e74223b733a363a22616363657373223b623a313b733a343a2274797065223b693a32323b733a363a22776569676874223b693a303b733a383a226368696c6472656e223b613a363a7b693a303b693a2d373b693a313b693a2d383b693a323b693a2d38323b693a333b693a2d39383b693a343b693a2d39393b693a353b693a2d3130313b7d733a333a22706964223b733a313a2235223b7d693a393b613a373a7b733a343a2270617468223b733a383a226e6f64652f616464223b733a353a227469746c65223b733a31343a2263726561746520636f6e74656e74223b733a363a22616363657373223b623a313b733a343a2274797065223b693a32383b733a363a22776569676874223b693a313b733a333a22706964223b733a313a2234223b733a383a226368696c6472656e223b613a363a7b693a303b693a32353b693a313b693a32363b693a323b693a33353b693a333b693a33373b693a343b693a33393b693a353b693a35303b7d7d693a31303b613a373a7b733a343a2270617468223b733a31323a2261646d696e2f7468656d6573223b733a353a227469746c65223b733a363a227468656d6573223b733a363a22616363657373223b623a313b733a343a2274797065223b693a32323b733a363a22776569676874223b693a303b733a383a226368696c6472656e223b613a323a7b693a303b693a2d31383b693a313b693a2d31393b7d733a333a22706964223b733a313a2235223b7d693a31313b613a373a7b733a343a2270617468223b733a31343a2261646d696e2f73657474696e6773223b733a353a227469746c65223b733a383a2273657474696e6773223b733a363a22616363657373223b623a313b733a343a2274797065223b693a32323b733a363a22776569676874223b693a303b733a333a22706964223b733a313a2235223b733a383a226368696c6472656e223b613a31313a7b693a303b693a32313b693a313b693a32323b693a323b693a32333b693a333b693a32343b693a343b693a32373b693a353b693a32393b693a363b693a33303b693a373b693a33313b693a383b693a34373b693a393b693a34383b693a31303b693a35333b7d7d693a31323b613a363a7b733a343a2270617468223b733a31333a2261646d696e2f6d6f64756c6573223b733a353a227469746c65223b733a373a226d6f64756c6573223b733a363a22616363657373223b623a313b733a343a2274797065223b693a32323b733a363a22776569676874223b693a303b733a333a22706964223b733a313a2235223b7d693a31333b613a373a7b733a343a2270617468223b733a31303a2261646d696e2f75736572223b733a353a227469746c65223b733a353a227573657273223b733a363a22616363657373223b623a313b733a343a2274797065223b693a32323b733a363a22776569676874223b693a303b733a383a226368696c6472656e223b613a333a7b693a303b693a2d34303b693a313b693a2d34313b693a323b693a2d35333b7d733a333a22706964223b733a313a2235223b7d693a31343b613a373a7b733a343a2270617468223b733a31323a2261646d696e2f616363657373223b733a353a227469746c65223b733a31343a2261636365737320636f6e74726f6c223b733a363a22616363657373223b623a313b733a343a2274797065223b693a32323b733a363a22776569676874223b693a303b733a383a226368696c6472656e223b613a333a7b693a303b693a2d34343b693a313b693a2d34353b693a323b693a2d34373b7d733a333a22706964223b733a313a2235223b7d693a31353b613a363a7b733a343a2270617468223b733a31303a2261646d696e2f6c6f6773223b733a353a227469746c65223b733a343a226c6f6773223b733a343a2274797065223b693a32323b733a363a22776569676874223b693a303b733a383a226368696c6472656e223b613a313a7b693a303b693a2d35373b7d733a333a22706964223b733a313a2235223b7d693a31363b613a373a7b733a343a2270617468223b733a31313a2261646d696e2f626c6f636b223b733a353a227469746c65223b733a363a22626c6f636b73223b733a363a22616363657373223b623a313b733a343a2274797065223b693a32323b733a363a22776569676874223b693a303b733a383a226368696c6472656e223b613a353a7b693a303b693a2d37313b693a313b693a2d37323b693a323b693a2d37333b693a333b693a2d37343b693a343b693a35343b7d733a333a22706964223b733a313a2235223b7d693a31373b613a373a7b733a343a2270617468223b733a31333a2261646d696e2f636f6d6d656e74223b733a353a227469746c65223b733a383a22636f6d6d656e7473223b733a363a22616363657373223b623a313b733a343a2274797065223b693a32323b733a363a22776569676874223b693a303b733a383a226368696c6472656e223b613a323a7b693a303b693a2d38383b693a313b693a2d38393b7d733a333a22706964223b733a313a2235223b7d693a31383b613a373a7b733a343a2270617468223b733a31303a2261646d696e2f68656c70223b733a353a227469746c65223b733a343a2268656c70223b733a363a22616363657373223b623a313b733a363a22776569676874223b693a393b733a343a2274797065223b693a32323b733a383a226368696c6472656e223b613a32353a7b693a303b693a2d3131313b693a313b693a2d3131323b693a323b693a2d3131333b693a333b693a2d3131343b693a343b693a2d3131353b693a353b693a2d3131363b693a363b693a2d3131373b693a373b693a2d3131383b693a383b693a2d3131393b693a393b693a2d3132303b693a31303b693a2d3132313b693a31313b693a2d3132323b693a31323b693a2d3132333b693a31333b693a2d3132343b693a31343b693a2d3132353b693a31353b693a2d3132363b693a31363b693a2d3132373b693a31373b693a2d3132383b693a31383b693a2d3132393b693a31393b693a2d3133303b693a32303b693a2d3133313b693a32313b693a2d3133323b693a32323b693a2d3133333b693a32333b693a2d3133343b693a32343b693a2d3133353b7d733a333a22706964223b733a313a2235223b7d693a31393b613a373a7b733a343a2270617468223b733a31303a2261646d696e2f6d656e75223b733a353a227469746c65223b733a353a226d656e7573223b733a363a22616363657373223b623a313b733a343a2274797065223b693a32323b733a363a22776569676874223b693a303b733a383a226368696c6472656e223b613a393a7b693a303b693a2d3133373b693a313b693a2d3133383b693a323b693a2d3133393b693a333b693a2d3134303b693a343b693a2d3134313b693a353b693a2d3134323b693a363b693a2d3134333b693a373b693a2d3134343b693a383b693a2d3134353b7d733a333a22706964223b733a313a2235223b7d693a32303b613a373a7b733a343a2270617468223b733a31343a2261646d696e2f7461786f6e6f6d79223b733a353a227469746c65223b733a31303a2263617465676f72696573223b733a363a22616363657373223b623a313b733a343a2274797065223b693a32323b733a363a22776569676874223b693a303b733a383a226368696c6472656e223b613a343a7b693a303b693a2d3135353b693a313b693a2d3135363b693a323b693a2d3135373b693a333b693a2d3135383b7d733a333a22706964223b733a313a2235223b7d693a32313b613a363a7b733a343a2270617468223b733a31393a2261646d696e2f73657474696e67732f6e6f6465223b733a353a227469746c65223b733a353a22706f737473223b733a363a22616363657373223b623a313b733a343a2274797065223b693a32323b733a363a22776569676874223b693a303b733a333a22706964223b733a323a223131223b7d693a32323b613a363a7b733a343a2270617468223b733a32383a2261646d696e2f73657474696e67732f636f6e74656e742d7479706573223b733a353a227469746c65223b733a31333a22636f6e74656e74207479706573223b733a363a22616363657373223b623a313b733a343a2274797065223b693a32323b733a363a22776569676874223b693a303b733a333a22706964223b733a323a223131223b7d693a32333b613a353a7b733a343a2270617468223b733a31393a2261646d696e2f73657474696e67732f75736572223b733a353a227469746c65223b733a353a227573657273223b733a343a2274797065223b693a32323b733a363a22776569676874223b693a303b733a333a22706964223b733a323a223131223b7d693a32343b613a353a7b733a343a2270617468223b733a31393a2261646d696e2f73657474696e67732f6d656e75223b733a353a227469746c65223b733a353a226d656e7573223b733a343a2274797065223b693a32323b733a363a22776569676874223b693a303b733a333a22706964223b733a323a223131223b7d693a32353b613a363a7b733a343a2270617468223b733a31333a226e6f64652f6164642f70616765223b733a353a227469746c65223b733a343a2270616765223b733a363a22616363657373223b623a313b733a343a2274797065223b693a32323b733a363a22776569676874223b693a303b733a333a22706964223b733a313a2239223b7d693a32363b613a363a7b733a343a2270617468223b733a31343a226e6f64652f6164642f73746f7279223b733a353a227469746c65223b733a353a2273746f7279223b733a363a22616363657373223b623a313b733a343a2274797065223b693a32323b733a363a22776569676874223b693a303b733a333a22706964223b733a313a2239223b7d693a32373b613a353a7b733a343a2270617468223b733a32343a2261646d696e2f73657474696e67732f666c6578696e6f6465223b733a353a227469746c65223b733a393a22666c6578696e6f6465223b733a343a2274797065223b693a32323b733a363a22776569676874223b693a303b733a333a22706964223b733a323a223131223b7d693a32393b613a353a7b733a343a2270617468223b733a32353a2261646d696e2f73657474696e67732f61676772656761746f72223b733a353a227469746c65223b733a31303a2261676772656761746f72223b733a343a2274797065223b693a32323b733a363a22776569676874223b693a303b733a333a22706964223b733a323a223131223b7d693a33303b613a363a7b733a343a2270617468223b733a32313a2261646d696e2f73657474696e67732f736561726368223b733a353a227469746c65223b733a363a22736561726368223b733a343a2274797065223b693a32323b733a363a22776569676874223b693a303b733a383a226368696c6472656e223b613a313a7b693a303b693a2d3135323b7d733a333a22706964223b733a323a223131223b7d693a33313b613a353a7b733a343a2270617468223b733a32313a2261646d696e2f73657474696e67732f75706c6f6164223b733a353a227469746c65223b733a363a2275706c6f6164223b733a343a2274797065223b693a32323b733a363a22776569676874223b693a303b733a333a22706964223b733a323a223131223b7d693a33323b613a373a7b733a343a2270617468223b733a31363a2261646d696e2f61676772656761746f72223b733a353a227469746c65223b733a31303a2261676772656761746f72223b733a363a22616363657373223b623a313b733a343a2274797065223b693a32323b733a363a22776569676874223b693a303b733a383a226368696c6472656e223b613a353a7b693a303b693a2d35393b693a313b693a2d36303b693a323b693a2d36313b693a333b693a2d36323b693a343b693a2d36333b7d733a333a22706964223b733a313a2235223b7d693a33333b613a373a7b733a343a2270617468223b733a31303a2261676772656761746f72223b733a353a227469746c65223b733a31353a226e6577732061676772656761746f72223b733a363a22616363657373223b623a313b733a363a22776569676874223b693a353b733a343a2274797065223b693a32323b733a383a226368696c6472656e223b613a343a7b693a303b693a2d36373b693a313b693a2d36383b693a323b693a34323b693a333b693a34333b7d733a333a22706964223b693a313b7d693a33343b613a363a7b733a343a2270617468223b733a373a2261726368697665223b733a353a227469746c65223b733a383a226172636869766573223b733a363a22616363657373223b623a313b733a343a2274797065223b693a31363b733a363a22776569676874223b693a303b733a333a22706964223b693a313b7d693a33353b613a363a7b733a343a2270617468223b733a31333a226e6f64652f6164642f626c6f67223b733a353a227469746c65223b733a31303a22626c6f6720656e747279223b733a363a22616363657373223b623a313b733a343a2274797065223b693a32323b733a363a22776569676874223b693a303b733a333a22706964223b733a313a2239223b7d693a33363b613a373a7b733a343a2270617468223b733a343a22626c6f67223b733a353a227469746c65223b733a353a22626c6f6773223b733a363a22616363657373223b623a313b733a343a2274797065223b693a31363b733a363a22776569676874223b693a303b733a383a226368696c6472656e223b613a313a7b693a303b693a2d37393b7d733a333a22706964223b693a313b7d693a33373b613a363a7b733a343a2270617468223b733a31333a226e6f64652f6164642f626f6f6b223b733a353a227469746c65223b733a393a22626f6f6b2070616765223b733a363a22616363657373223b623a313b733a343a2274797065223b693a32323b733a363a22776569676874223b693a303b733a333a22706964223b733a313a2239223b7d693a33383b613a373a7b733a343a2270617468223b733a343a22626f6f6b223b733a353a227469746c65223b733a353a22626f6f6b73223b733a363a22616363657373223b623a313b733a343a2274797065223b693a31363b733a363a22776569676874223b693a303b733a383a226368696c6472656e223b613a313a7b693a303b693a2d38363b7d733a333a22706964223b693a313b7d693a33393b613a363a7b733a343a2270617468223b733a31333a226e6f64652f6164642f706f6c6c223b733a353a227469746c65223b733a343a22706f6c6c223b733a363a22616363657373223b623a313b733a343a2274797065223b693a32323b733a363a22776569676874223b693a303b733a333a22706964223b733a313a2239223b7d693a34303b613a373a7b733a343a2270617468223b733a343a22706f6c6c223b733a353a227469746c65223b733a353a22706f6c6c73223b733a363a22616363657373223b623a313b733a343a2274797065223b693a31363b733a363a22776569676874223b693a303b733a383a226368696c6472656e223b613a313a7b693a303b693a2d3135303b7d733a333a22706964223b693a313b7d693a34313b613a363a7b733a343a2270617468223b733a363a22736561726368223b733a353a227469746c65223b733a363a22736561726368223b733a363a22616363657373223b623a313b733a343a2274797065223b693a31363b733a363a22776569676874223b693a303b733a333a22706964223b693a313b7d693a34323b613a363a7b733a343a2270617468223b733a31383a2261676772656761746f722f736f7572636573223b733a353a227469746c65223b733a373a22736f7572636573223b733a363a22616363657373223b623a313b733a343a2274797065223b693a32323b733a363a22776569676874223b693a303b733a333a22706964223b733a323a223333223b7d693a34333b613a363a7b733a343a2270617468223b733a32313a2261676772656761746f722f63617465676f72696573223b733a353a227469746c65223b733a31303a2263617465676f72696573223b733a363a22616363657373223b623a313b733a343a2274797065223b693a32383b733a363a22776569676874223b693a303b733a333a22706964223b733a323a223333223b7d693a34373b613a353a7b733a343a2270617468223b733a32323a2261646d696e2f73657474696e67732f616473656e7365223b733a353a227469746c65223b733a373a22616473656e7365223b733a343a2274797065223b693a32323b733a363a22776569676874223b693a303b733a333a22706964223b733a323a223131223b7d693a34383b613a353a7b733a343a2270617468223b733a32333a2261646d696e2f73657474696e67732f7468726f74746c65223b733a353a227469746c65223b733a383a227468726f74746c65223b733a343a2274797065223b693a32323b733a363a22776569676874223b693a303b733a333a22706964223b733a323a223131223b7d693a34393b613a363a7b733a343a2270617468223b733a363a226e6f64652f36223b733a353a227469746c65223b733a31303a22717569636b207069636b223b733a31313a226465736372697074696f6e223b733a38333a22412073656c656374696f6e206f6620746865206d6f737420696e746572657374696e672061727469636c657320616e6420636f6e74656e7420706f73746564206f76657220746865206c617374207765656b2e223b733a333a22706964223b733a313a2231223b733a363a22776569676874223b733a313a2233223b733a343a2274797065223b733a333a22313138223b7d693a35303b613a363a7b733a343a2270617468223b733a31343a226e6f64652f6164642f666f72756d223b733a353a227469746c65223b733a31313a22666f72756d20746f706963223b733a363a22616363657373223b623a313b733a343a2274797065223b693a32323b733a363a22776569676874223b693a303b733a333a22706964223b733a313a2239223b7d693a35313b613a363a7b733a343a2270617468223b733a353a22666f72756d223b733a353a227469746c65223b733a363a22666f72756d73223b733a363a22616363657373223b623a313b733a343a2274797065223b693a31363b733a363a22776569676874223b693a303b733a333a22706964223b693a313b7d693a35323b613a373a7b733a343a2270617468223b733a31313a2261646d696e2f666f72756d223b733a353a227469746c65223b733a363a22666f72756d73223b733a363a22616363657373223b623a313b733a343a2274797065223b693a32323b733a363a22776569676874223b693a303b733a383a226368696c6472656e223b613a343a7b693a303b693a2d3130363b693a313b693a2d3130373b693a323b693a2d3130383b693a333b693a2d3130393b7d733a333a22706964223b733a313a2235223b7d693a35333b613a353a7b733a343a2270617468223b733a32373a2261646d696e2f73657474696e67732f706f6f726d616e7363726f6e223b733a353a227469746c65223b733a31323a22706f6f726d616e7363726f6e223b733a343a2274797065223b693a32323b733a363a22776569676874223b693a303b733a333a22706964223b733a323a223131223b7d693a35343b613a373a7b733a343a2270617468223b733a32363a2261646d696e2f626c6f636b2f7461786f6e6f6d795f626c6f636b223b733a353a227469746c65223b733a31343a227461786f6e6f6d7920626c6f636b223b733a363a22616363657373223b623a313b733a343a2274797065223b693a32323b733a363a22776569676874223b693a303b733a383a226368696c6472656e223b613a313a7b693a303b693a2d3136323b7d733a333a22706964223b733a323a223136223b7d7d733a393a2263616c6c6261636b73223b613a3133343a7b733a31333a2261646d696e2f66696c74657273223b613a313a7b733a383a2263616c6c6261636b223b733a32313a2266696c7465725f61646d696e5f6f76657276696577223b7d733a31383a2261646d696e2f66696c746572732f6c697374223b613a313a7b733a383a2263616c6c6261636b223b733a32313a2266696c7465725f61646d696e5f6f76657276696577223b7d733a31373a2261646d696e2f66696c746572732f616464223b613a313a7b733a383a2263616c6c6261636b223b733a32343a2266696c7465725f61646d696e5f666f726d61745f666f726d223b7d733a32303a2261646d696e2f66696c746572732f64656c657465223b613a313a7b733a383a2263616c6c6261636b223b733a31393a2266696c7465725f61646d696e5f64656c657465223b7d733a31313a2266696c7465722f74697073223b613a313a7b733a383a2263616c6c6261636b223b733a31363a2266696c7465725f746970735f6c6f6e67223b7d733a31303a2261646d696e2f6e6f6465223b613a313a7b733a383a2263616c6c6261636b223b733a31363a226e6f64655f61646d696e5f6e6f646573223b7d733a31373a2261646d696e2f6e6f64652f736561726368223b613a313a7b733a383a2263616c6c6261636b223b733a31373a226e6f64655f61646d696e5f736561726368223b7d733a31393a2261646d696e2f73657474696e67732f6e6f6465223b613a313a7b733a383a2263616c6c6261636b223b733a31343a226e6f64655f636f6e666967757265223b7d733a32383a2261646d696e2f73657474696e67732f636f6e74656e742d7479706573223b613a313a7b733a383a2263616c6c6261636b223b733a32303a226e6f64655f74797065735f636f6e666967757265223b7d733a343a226e6f6465223b613a313a7b733a383a2263616c6c6261636b223b733a393a226e6f64655f70616765223b7d733a383a226e6f64652f616464223b613a313a7b733a383a2263616c6c6261636b223b733a393a226e6f64655f70616765223b7d733a373a227273732e786d6c223b613a313a7b733a383a2263616c6c6261636b223b733a393a226e6f64655f66656564223b7d733a31323a2273797374656d2f66696c6573223b613a313a7b733a383a2263616c6c6261636b223b733a31333a2266696c655f646f776e6c6f6164223b7d733a31313a2273797374656d2f74657374223b613a313a7b733a383a2263616c6c6261636b223b733a31313a2273797374656d5f74657374223b7d733a353a2261646d696e223b613a313a7b733a383a2263616c6c6261636b223b733a31373a227761746368646f675f6f76657276696577223b7d733a31323a2261646d696e2f7468656d6573223b613a313a7b733a383a2263616c6c6261636b223b733a31333a2273797374656d5f7468656d6573223b7d733a31393a2261646d696e2f7468656d65732f73656c656374223b613a313a7b733a383a2263616c6c6261636b223b733a31333a2273797374656d5f7468656d6573223b7d733a32313a2261646d696e2f7468656d65732f73657474696e6773223b613a313a7b733a383a2263616c6c6261636b223b733a32313a2273797374656d5f7468656d655f73657474696e6773223b7d733a32383a2261646d696e2f7468656d65732f73657474696e67732f676c6f62616c223b613a313a7b733a383a2263616c6c6261636b223b733a32313a2273797374656d5f7468656d655f73657474696e6773223b7d733a33323a2261646d696e2f7468656d65732f73657474696e67732f70757368627574746f6e223b613a323a7b733a383a2263616c6c6261636b223b733a32313a2273797374656d5f7468656d655f73657474696e6773223b733a31383a2263616c6c6261636b20617267756d656e7473223b613a313a7b693a303b733a31303a2270757368627574746f6e223b7d7d733a33343a2261646d696e2f7468656d65732f73657474696e67732f626f785f677265795f646576223b613a323a7b733a383a2263616c6c6261636b223b733a32313a2273797374656d5f7468656d655f73657474696e6773223b733a31383a2263616c6c6261636b20617267756d656e7473223b613a313a7b693a303b733a31323a22626f785f677265795f646576223b7d7d733a31343a2261646d696e2f73657474696e6773223b613a313a7b733a383a2263616c6c6261636b223b733a32303a2273797374656d5f736974655f73657474696e6773223b7d733a31333a2261646d696e2f6d6f64756c6573223b613a313a7b733a383a2263616c6c6261636b223b733a31343a2273797374656d5f6d6f64756c6573223b7d733a343a2275736572223b613a313a7b733a383a2263616c6c6261636b223b733a31303a22757365725f6c6f67696e223b7d733a31373a22757365722f6175746f636f6d706c657465223b613a313a7b733a383a2263616c6c6261636b223b733a31373a22757365725f6175746f636f6d706c657465223b7d733a31303a22757365722f6c6f67696e223b613a313a7b733a383a2263616c6c6261636b223b733a31303a22757365725f6c6f67696e223b7d733a31333a22757365722f7265676973746572223b613a313a7b733a383a2263616c6c6261636b223b733a31333a22757365725f7265676973746572223b7d733a31333a22757365722f70617373776f7264223b613a313a7b733a383a2263616c6c6261636b223b733a393a22757365725f70617373223b7d733a31303a22757365722f7265736574223b613a313a7b733a383a2263616c6c6261636b223b733a31353a22757365725f706173735f7265736574223b7d733a393a22757365722f68656c70223b613a313a7b733a383a2263616c6c6261636b223b733a31343a22757365725f68656c705f70616765223b7d733a31303a2261646d696e2f75736572223b613a313a7b733a383a2263616c6c6261636b223b733a31303a22757365725f61646d696e223b7d733a31373a2261646d696e2f757365722f637265617465223b613a313a7b733a383a2263616c6c6261636b223b733a31303a22757365725f61646d696e223b7d733a31393a2261646d696e2f73657474696e67732f75736572223b613a313a7b733a383a2263616c6c6261636b223b733a31343a22757365725f636f6e666967757265223b7d733a31323a2261646d696e2f616363657373223b613a313a7b733a383a2263616c6c6261636b223b733a31353a22757365725f61646d696e5f7065726d223b7d733a32343a2261646d696e2f6163636573732f7065726d697373696f6e73223b613a313a7b733a383a2263616c6c6261636b223b733a31353a22757365725f61646d696e5f7065726d223b7d733a31383a2261646d696e2f6163636573732f726f6c6573223b613a313a7b733a383a2263616c6c6261636b223b733a31353a22757365725f61646d696e5f726f6c65223b7d733a32333a2261646d696e2f6163636573732f726f6c65732f65646974223b613a313a7b733a383a2263616c6c6261636b223b733a31353a22757365725f61646d696e5f726f6c65223b7d733a31383a2261646d696e2f6163636573732f72756c6573223b613a313a7b733a383a2263616c6c6261636b223b733a31373a22757365725f61646d696e5f616363657373223b7d733a32323a2261646d696e2f6163636573732f72756c65732f616464223b613a313a7b733a383a2263616c6c6261636b223b733a32313a22757365725f61646d696e5f6163636573735f616464223b7d733a32343a2261646d696e2f6163636573732f72756c65732f636865636b223b613a313a7b733a383a2263616c6c6261636b223b733a32333a22757365725f61646d696e5f6163636573735f636865636b223b7d733a32333a2261646d696e2f6163636573732f72756c65732f65646974223b613a313a7b733a383a2263616c6c6261636b223b733a32323a22757365725f61646d696e5f6163636573735f65646974223b7d733a32353a2261646d696e2f6163636573732f72756c65732f64656c657465223b613a313a7b733a383a2263616c6c6261636b223b733a32343a22757365725f61646d696e5f6163636573735f64656c657465223b7d733a31373a2261646d696e2f757365722f736561726368223b613a313a7b733a383a2263616c6c6261636b223b733a31303a22757365725f61646d696e223b7d733a363a22757365722f31223b613a323a7b733a383a2263616c6c6261636b223b733a393a22757365725f76696577223b733a31383a2263616c6c6261636b20617267756d656e7473223b613a313a7b693a303b733a313a2231223b7d7d733a363a226c6f676f7574223b613a313a7b733a383a2263616c6c6261636b223b733a31313a22757365725f6c6f676f7574223b7d733a31303a2261646d696e2f6c6f6773223b613a313a7b733a383a2263616c6c6261636b223b733a31373a227761746368646f675f6f76657276696577223b7d733a31363a2261646d696e2f6c6f67732f6576656e74223b613a313a7b733a383a2263616c6c6261636b223b733a31343a227761746368646f675f6576656e74223b7d733a31363a2261646d696e2f61676772656761746f72223b613a313a7b733a383a2263616c6c6261636b223b733a32353a2261676772656761746f725f61646d696e5f6f76657276696577223b7d733a32353a2261646d696e2f61676772656761746f722f6164642f66656564223b613a313a7b733a383a2263616c6c6261636b223b733a32303a2261676772656761746f725f666f726d5f66656564223b7d733a32393a2261646d696e2f61676772656761746f722f6164642f63617465676f7279223b613a313a7b733a383a2263616c6c6261636b223b733a32343a2261676772656761746f725f666f726d5f63617465676f7279223b7d733a32333a2261646d696e2f61676772656761746f722f72656d6f7665223b613a313a7b733a383a2263616c6c6261636b223b733a32383a2261676772656761746f725f61646d696e5f72656d6f76655f66656564223b7d733a32333a2261646d696e2f61676772656761746f722f757064617465223b613a313a7b733a383a2263616c6c6261636b223b733a32393a2261676772656761746f725f61646d696e5f726566726573685f66656564223b7d733a31303a2261676772656761746f72223b613a313a7b733a383a2263616c6c6261636b223b733a32303a2261676772656761746f725f706167655f6c617374223b7d733a31383a2261676772656761746f722f736f7572636573223b613a313a7b733a383a2263616c6c6261636b223b733a32333a2261676772656761746f725f706167655f736f7572636573223b7d733a32313a2261676772656761746f722f63617465676f72696573223b613a313a7b733a383a2263616c6c6261636b223b733a32363a2261676772656761746f725f706167655f63617465676f72696573223b7d733a31343a2261676772656761746f722f727373223b613a313a7b733a383a2263616c6c6261636b223b733a31393a2261676772656761746f725f706167655f727373223b7d733a31353a2261676772656761746f722f6f706d6c223b613a313a7b733a383a2263616c6c6261636b223b733a32303a2261676772656761746f725f706167655f6f706d6c223b7d733a373a2261726368697665223b613a313a7b733a383a2263616c6c6261636b223b733a31323a22617263686976655f70616765223b7d733a31313a2261646d696e2f626c6f636b223b613a313a7b733a383a2263616c6c6261636b223b733a31393a22626c6f636b5f61646d696e5f646973706c6179223b7d733a32313a2261646d696e2f626c6f636b2f636f6e666967757265223b613a313a7b733a383a2263616c6c6261636b223b733a32313a22626c6f636b5f61646d696e5f636f6e666967757265223b7d733a31383a2261646d696e2f626c6f636b2f64656c657465223b613a313a7b733a383a2263616c6c6261636b223b733a31363a22626c6f636b5f626f785f64656c657465223b7d733a31353a2261646d696e2f626c6f636b2f616464223b613a313a7b733a383a2263616c6c6261636b223b733a31333a22626c6f636b5f626f785f616464223b7d733a343a22626c6f67223b613a313a7b733a383a2263616c6c6261636b223b733a393a22626c6f675f70616765223b7d733a31353a2261646d696e2f6e6f64652f626f6f6b223b613a313a7b733a383a2263616c6c6261636b223b733a31303a22626f6f6b5f61646d696e223b7d733a32323a2261646d696e2f6e6f64652f626f6f6b2f6f727068616e223b613a313a7b733a383a2263616c6c6261636b223b733a31373a22626f6f6b5f61646d696e5f6f727068616e223b7d733a343a22626f6f6b223b613a313a7b733a383a2263616c6c6261636b223b733a31313a22626f6f6b5f72656e646572223b7d733a31313a22626f6f6b2f6578706f7274223b613a313a7b733a383a2263616c6c6261636b223b733a31313a22626f6f6b5f6578706f7274223b7d733a31333a2261646d696e2f636f6d6d656e74223b613a313a7b733a383a2263616c6c6261636b223b733a32323a22636f6d6d656e745f61646d696e5f6f76657276696577223b7d733a32333a2261646d696e2f636f6d6d656e742f636f6e666967757265223b613a313a7b733a383a2263616c6c6261636b223b733a31373a22636f6d6d656e745f636f6e666967757265223b7d733a32373a2261646d696e2f636f6d6d656e742f6c6973742f617070726f76616c223b613a323a7b733a383a2263616c6c6261636b223b733a32323a22636f6d6d656e745f61646d696e5f6f76657276696577223b733a31383a2263616c6c6261636b20617267756d656e7473223b613a313a7b693a303b733a383a22617070726f76616c223b7d7d733a31343a22636f6d6d656e742f64656c657465223b613a313a7b733a383a2263616c6c6261636b223b733a31343a22636f6d6d656e745f64656c657465223b7d733a31323a22636f6d6d656e742f65646974223b613a313a7b733a383a2263616c6c6261636b223b733a31323a22636f6d6d656e745f65646974223b7d733a31343a22666c6578696e6f64652f6c697374223b613a313a7b733a383a2263616c6c6261636b223b733a31393a22666c6578696e6f64655f706167655f6c697374223b7d733a31353a22666c6578696e6f64652f7461626c65223b613a313a7b733a383a2263616c6c6261636b223b733a32303a22666c6578696e6f64655f706167655f7461626c65223b7d733a31343a22666c6578696e6f64652f66656564223b613a313a7b733a383a2263616c6c6261636b223b733a31343a22666c6578696e6f64655f66656564223b7d733a31363a2261646d696e2f6e6f64652f7479706573223b613a313a7b733a383a2263616c6c6261636b223b733a32303a22666c6578696e6f64655f706167655f61646d696e223b7d733a31353a2261646d696e2f6e6f64652f74797065223b613a313a7b733a383a2263616c6c6261636b223b733a32373a22666c6578696e6f64655f636f6e74656e745f747970655f666f726d223b7d733a32323a2261646d696e2f6e6f64652f747970652f64656c657465223b613a313a7b733a383a2263616c6c6261636b223b733a33373a22666c6578696e6f64655f636f6e6669726d5f64656c6574655f636f6e74656e745f74797065223b7d733a31363a2261646d696e2f6e6f64652f6669656c64223b613a313a7b733a383a2263616c6c6261636b223b733a32313a22666c6578696e6f64655f61646d696e5f6669656c64223b7d733a31363a22666c6578696e6f64652f757064617465223b613a313a7b733a383a2263616c6c6261636b223b733a32373a22666c6578696e6f64655f706167655f61646d696e5f757064617465223b7d733a353a22666f72756d223b613a313a7b733a383a2263616c6c6261636b223b733a31303a22666f72756d5f70616765223b7d733a31313a2261646d696e2f666f72756d223b613a313a7b733a383a2263616c6c6261636b223b733a31343a22666f72756d5f6f76657276696577223b7d733a32353a2261646d696e2f666f72756d2f6164642f636f6e7461696e6572223b613a313a7b733a383a2263616c6c6261636b223b733a32303a22666f72756d5f666f726d5f636f6e7461696e6572223b7d733a32313a2261646d696e2f666f72756d2f6164642f666f72756d223b613a313a7b733a383a2263616c6c6261636b223b733a31363a22666f72756d5f666f726d5f666f72756d223b7d733a32313a2261646d696e2f666f72756d2f636f6e666967757265223b613a313a7b733a383a2263616c6c6261636b223b733a32313a22666f72756d5f61646d696e5f636f6e666967757265223b7d733a31303a2261646d696e2f68656c70223b613a313a7b733a383a2263616c6c6261636b223b733a393a2268656c705f6d61696e223b7d733a31383a2261646d696e2f68656c702f616473656e7365223b613a313a7b733a383a2263616c6c6261636b223b733a393a2268656c705f70616765223b7d733a32313a2261646d696e2f68656c702f61676772656761746f72223b613a313a7b733a383a2263616c6c6261636b223b733a393a2268656c705f70616765223b7d733a31383a2261646d696e2f68656c702f61726368697665223b613a313a7b733a383a2263616c6c6261636b223b733a393a2268656c705f70616765223b7d733a31363a2261646d696e2f68656c702f626c6f636b223b613a313a7b733a383a2263616c6c6261636b223b733a393a2268656c705f70616765223b7d733a31353a2261646d696e2f68656c702f626c6f67223b613a313a7b733a383a2263616c6c6261636b223b733a393a2268656c705f70616765223b7d733a31353a2261646d696e2f68656c702f626f6f6b223b613a313a7b733a383a2263616c6c6261636b223b733a393a2268656c705f70616765223b7d733a31383a2261646d696e2f68656c702f636f6d6d656e74223b613a313a7b733a383a2263616c6c6261636b223b733a393a2268656c705f70616765223b7d733a31373a2261646d696e2f68656c702f66696c746572223b613a313a7b733a383a2263616c6c6261636b223b733a393a2268656c705f70616765223b7d733a32303a2261646d696e2f68656c702f666c6578696e6f6465223b613a313a7b733a383a2263616c6c6261636b223b733a393a2268656c705f70616765223b7d733a31363a2261646d696e2f68656c702f666f72756d223b613a313a7b733a383a2263616c6c6261636b223b733a393a2268656c705f70616765223b7d733a31353a2261646d696e2f68656c702f68656c70223b613a313a7b733a383a2263616c6c6261636b223b733a393a2268656c705f70616765223b7d733a31353a2261646d696e2f68656c702f6d656e75223b613a313a7b733a383a2263616c6c6261636b223b733a393a2268656c705f70616765223b7d733a31353a2261646d696e2f68656c702f6e6f6465223b613a313a7b733a383a2263616c6c6261636b223b733a393a2268656c705f70616765223b7d733a31353a2261646d696e2f68656c702f70616765223b613a313a7b733a383a2263616c6c6261636b223b733a393a2268656c705f70616765223b7d733a31353a2261646d696e2f68656c702f706f6c6c223b613a313a7b733a383a2263616c6c6261636b223b733a393a2268656c705f70616765223b7d733a32333a2261646d696e2f68656c702f706f6f726d616e7363726f6e223b613a313a7b733a383a2263616c6c6261636b223b733a393a2268656c705f70616765223b7d733a31373a2261646d696e2f68656c702f736561726368223b613a313a7b733a383a2263616c6c6261636b223b733a393a2268656c705f70616765223b7d733a31363a2261646d696e2f68656c702f73746f7279223b613a313a7b733a383a2263616c6c6261636b223b733a393a2268656c705f70616765223b7d733a31373a2261646d696e2f68656c702f73797374656d223b613a313a7b733a383a2263616c6c6261636b223b733a393a2268656c705f70616765223b7d733a31393a2261646d696e2f68656c702f7461786f6e6f6d79223b613a313a7b733a383a2263616c6c6261636b223b733a393a2268656c705f70616765223b7d733a32353a2261646d696e2f68656c702f7461786f6e6f6d795f626c6f636b223b613a313a7b733a383a2263616c6c6261636b223b733a393a2268656c705f70616765223b7d733a31393a2261646d696e2f68656c702f7468726f74746c65223b613a313a7b733a383a2263616c6c6261636b223b733a393a2268656c705f70616765223b7d733a31373a2261646d696e2f68656c702f75706c6f6164223b613a313a7b733a383a2263616c6c6261636b223b733a393a2268656c705f70616765223b7d733a31353a2261646d696e2f68656c702f75736572223b613a313a7b733a383a2263616c6c6261636b223b733a393a2268656c705f70616765223b7d733a31393a2261646d696e2f68656c702f7761746368646f67223b613a313a7b733a383a2263616c6c6261636b223b733a393a2268656c705f70616765223b7d733a31303a2261646d696e2f6d656e75223b613a313a7b733a383a2263616c6c6261636b223b733a31333a226d656e755f6f76657276696577223b7d733a31393a2261646d696e2f6d656e752f6974656d2f616464223b613a313a7b733a383a2263616c6c6261636b223b733a31393a226d656e755f656469745f6974656d5f666f726d223b7d733a32303a2261646d696e2f6d656e752f6974656d2f65646974223b613a313a7b733a383a2263616c6c6261636b223b733a31393a226d656e755f656469745f6974656d5f666f726d223b7d733a32313a2261646d696e2f6d656e752f6974656d2f7265736574223b613a313a7b733a383a2263616c6c6261636b223b733a31353a226d656e755f72657365745f6974656d223b7d733a32333a2261646d696e2f6d656e752f6974656d2f64697361626c65223b613a313a7b733a383a2263616c6c6261636b223b733a31373a226d656e755f64697361626c655f6974656d223b7d733a32323a2261646d696e2f6d656e752f6974656d2f64656c657465223b613a313a7b733a383a2263616c6c6261636b223b733a32313a226d656e755f6974656d5f64656c6574655f666f726d223b7d733a31393a2261646d696e2f6d656e752f6d656e752f616464223b613a313a7b733a383a2263616c6c6261636b223b733a31393a226d656e755f656469745f6d656e755f666f726d223b7d733a32303a2261646d696e2f6d656e752f6d656e752f65646974223b613a313a7b733a383a2263616c6c6261636b223b733a31393a226d656e755f656469745f6d656e755f666f726d223b7d733a32323a2261646d696e2f6d656e752f6d656e752f64656c657465223b613a313a7b733a383a2263616c6c6261636b223b733a32313a226d656e755f6974656d5f64656c6574655f666f726d223b7d733a31393a2261646d696e2f73657474696e67732f6d656e75223b613a313a7b733a383a2263616c6c6261636b223b733a31343a226d656e755f636f6e666967757265223b7d733a343a22706f6c6c223b613a313a7b733a383a2263616c6c6261636b223b733a393a22706f6c6c5f70616765223b7d733a393a22706f6c6c2f766f7465223b613a313a7b733a383a2263616c6c6261636b223b733a393a22706f6c6c5f766f7465223b7d733a363a22736561726368223b613a313a7b733a383a2263616c6c6261636b223b733a31313a227365617263685f76696577223b7d733a32363a2261646d696e2f73657474696e67732f7365617263682f77697065223b613a313a7b733a383a2263616c6c6261636b223b733a31393a227365617263685f776970655f636f6e6669726d223b7d733a31343a2261646d696e2f7461786f6e6f6d79223b613a313a7b733a383a2263616c6c6261636b223b733a33303a227461786f6e6f6d795f6f766572766965775f766f636162756c6172696573223b7d733a32393a2261646d696e2f7461786f6e6f6d792f6164642f766f636162756c617279223b613a313a7b733a383a2263616c6c6261636b223b733a33303a227461786f6e6f6d795f61646d696e5f766f636162756c6172795f65646974223b7d733a33303a2261646d696e2f7461786f6e6f6d792f656469742f766f636162756c617279223b613a313a7b733a383a2263616c6c6261636b223b733a33303a227461786f6e6f6d795f61646d696e5f766f636162756c6172795f65646974223b7d733a32343a2261646d696e2f7461786f6e6f6d792f656469742f7465726d223b613a313a7b733a383a2263616c6c6261636b223b733a32343a227461786f6e6f6d795f61646d696e5f7465726d5f65646974223b7d733a31333a227461786f6e6f6d792f7465726d223b613a313a7b733a383a2263616c6c6261636b223b733a31383a227461786f6e6f6d795f7465726d5f70616765223b7d733a32313a227461786f6e6f6d792f6175746f636f6d706c657465223b613a313a7b733a383a2263616c6c6261636b223b733a32313a227461786f6e6f6d795f6175746f636f6d706c657465223b7d733a32363a2261646d696e2f626c6f636b2f7461786f6e6f6d795f626c6f636b223b613a313a7b733a383a2263616c6c6261636b223b733a32303a227461786f6e6f6d795f626c6f636b5f61646d696e223b7d733a33313a2261646d696e2f626c6f636b2f7461786f6e6f6d795f626c6f636b2f65646974223b613a313a7b733a383a2263616c6c6261636b223b733a31393a227461786f6e6f6d795f626c6f636b5f666f726d223b7d733a393a2275706c6f61642f6a73223b613a313a7b733a383a2263616c6c6261636b223b733a393a2275706c6f61645f6a73223b7d7d733a373a2276697369626c65223b613a34343a7b693a33353b613a353a7b733a353a227469746c65223b733a31303a22626c6f6720656e747279223b733a343a2270617468223b733a31333a226e6f64652f6164642f626c6f67223b733a383a226368696c6472656e223b613a303a7b7d733a343a2274797065223b693a32323b733a333a22706964223b693a393b7d693a33373b613a353a7b733a353a227469746c65223b733a393a22626f6f6b2070616765223b733a343a2270617468223b733a31333a226e6f64652f6164642f626f6f6b223b733a383a226368696c6472656e223b613a303a7b7d733a343a2274797065223b693a32323b733a333a22706964223b693a393b7d693a35303b613a353a7b733a353a227469746c65223b733a31313a22666f72756d20746f706963223b733a343a2270617468223b733a31343a226e6f64652f6164642f666f72756d223b733a383a226368696c6472656e223b613a303a7b7d733a343a2274797065223b693a32323b733a333a22706964223b693a393b7d693a32353b613a353a7b733a353a227469746c65223b733a343a2270616765223b733a343a2270617468223b733a31333a226e6f64652f6164642f70616765223b733a383a226368696c6472656e223b613a303a7b7d733a343a2274797065223b693a32323b733a333a22706964223b693a393b7d693a33393b613a353a7b733a353a227469746c65223b733a343a22706f6c6c223b733a343a2270617468223b733a31333a226e6f64652f6164642f706f6c6c223b733a383a226368696c6472656e223b613a303a7b7d733a343a2274797065223b693a32323b733a333a22706964223b693a393b7d693a32363b613a353a7b733a353a227469746c65223b733a353a2273746f7279223b733a343a2270617468223b733a31343a226e6f64652f6164642f73746f7279223b733a383a226368696c6472656e223b613a303a7b7d733a343a2274797065223b693a32323b733a333a22706964223b693a393b7d693a393b613a353a7b733a353a227469746c65223b733a31343a2263726561746520636f6e74656e74223b733a343a2270617468223b733a383a226e6f64652f616464223b733a383a226368696c6472656e223b613a363a7b693a303b693a33353b693a313b693a33373b693a323b693a35303b693a333b693a32353b693a343b693a33393b693a353b693a32363b7d733a343a2274797065223b693a32383b733a333a22706964223b693a313b7d693a2d35343b613a353a7b733a353a227469746c65223b733a31303a226d79206163636f756e74223b733a343a2270617468223b733a363a22757365722f31223b733a383a226368696c6472656e223b613a303a7b7d733a343a2274797065223b693a363b733a333a22706964223b693a313b7d693a2d37393b613a353a7b733a353a227469746c65223b733a373a226d7920626c6f67223b733a343a2270617468223b733a363a22626c6f672f31223b733a383a226368696c6472656e223b613a303a7b7d733a343a2274797065223b693a363b733a333a22706964223b693a313b7d693a34393b613a353a7b733a353a227469746c65223b733a31303a22717569636b207069636b223b733a343a2270617468223b733a363a226e6f64652f36223b733a383a226368696c6472656e223b613a303a7b7d733a343a2274797065223b733a333a22313138223b733a333a22706964223b693a313b7d693a34323b613a353a7b733a353a227469746c65223b733a373a22736f7572636573223b733a343a2270617468223b733a31383a2261676772656761746f722f736f7572636573223b733a383a226368696c6472656e223b613a303a7b7d733a343a2274797065223b693a32323b733a333a22706964223b693a33333b7d693a33333b613a353a7b733a353a227469746c65223b733a31353a226e6577732061676772656761746f72223b733a343a2270617468223b733a31303a2261676772656761746f72223b733a383a226368696c6472656e223b613a313a7b693a303b693a34323b7d733a343a2274797065223b693a32323b733a333a22706964223b693a313b7d693a31343b613a353a7b733a353a227469746c65223b733a31343a2261636365737320636f6e74726f6c223b733a343a2270617468223b733a31323a2261646d696e2f616363657373223b733a383a226368696c6472656e223b613a303a7b7d733a343a2274797065223b693a32323b733a333a22706964223b693a353b7d693a33323b613a353a7b733a353a227469746c65223b733a31303a2261676772656761746f72223b733a343a2270617468223b733a31363a2261646d696e2f61676772656761746f72223b733a383a226368696c6472656e223b613a303a7b7d733a343a2274797065223b693a32323b733a333a22706964223b693a353b7d693a35343b613a353a7b733a353a227469746c65223b733a31343a227461786f6e6f6d7920626c6f636b223b733a343a2270617468223b733a32363a2261646d696e2f626c6f636b2f7461786f6e6f6d795f626c6f636b223b733a383a226368696c6472656e223b613a303a7b7d733a343a2274797065223b693a32323b733a333a22706964223b693a31363b7d693a31363b613a353a7b733a353a227469746c65223b733a363a22626c6f636b73223b733a343a2270617468223b733a31313a2261646d696e2f626c6f636b223b733a383a226368696c6472656e223b613a313a7b693a303b693a35343b7d733a343a2274797065223b693a32323b733a333a22706964223b693a353b7d693a32303b613a353a7b733a353a227469746c65223b733a31303a2263617465676f72696573223b733a343a2270617468223b733a31343a2261646d696e2f7461786f6e6f6d79223b733a383a226368696c6472656e223b613a303a7b7d733a343a2274797065223b693a32323b733a333a22706964223b693a353b7d693a31373b613a353a7b733a353a227469746c65223b733a383a22636f6d6d656e7473223b733a343a2270617468223b733a31333a2261646d696e2f636f6d6d656e74223b733a383a226368696c6472656e223b613a303a7b7d733a343a2274797065223b693a32323b733a333a22706964223b693a353b7d693a383b613a353a7b733a353a227469746c65223b733a373a22636f6e74656e74223b733a343a2270617468223b733a31303a2261646d696e2f6e6f6465223b733a383a226368696c6472656e223b613a303a7b7d733a343a2274797065223b693a32323b733a333a22706964223b693a353b7d693a35323b613a353a7b733a353a227469746c65223b733a363a22666f72756d73223b733a343a2270617468223b733a31313a2261646d696e2f666f72756d223b733a383a226368696c6472656e223b613a303a7b7d733a343a2274797065223b693a32323b733a333a22706964223b693a353b7d693a373b613a353a7b733a353a227469746c65223b733a31333a22696e70757420666f726d617473223b733a343a2270617468223b733a31333a2261646d696e2f66696c74657273223b733a383a226368696c6472656e223b613a303a7b7d733a343a2274797065223b693a32323b733a333a22706964223b693a353b7d693a31353b613a353a7b733a353a227469746c65223b733a343a226c6f6773223b733a343a2270617468223b733a31303a2261646d696e2f6c6f6773223b733a383a226368696c6472656e223b613a303a7b7d733a343a2274797065223b693a32323b733a333a22706964223b693a353b7d693a31393b613a353a7b733a353a227469746c65223b733a353a226d656e7573223b733a343a2270617468223b733a31303a2261646d696e2f6d656e75223b733a383a226368696c6472656e223b613a303a7b7d733a343a2274797065223b693a32323b733a333a22706964223b693a353b7d693a31323b613a353a7b733a353a227469746c65223b733a373a226d6f64756c6573223b733a343a2270617468223b733a31333a2261646d696e2f6d6f64756c6573223b733a383a226368696c6472656e223b613a303a7b7d733a343a2274797065223b693a32323b733a333a22706964223b693a353b7d693a34373b613a353a7b733a353a227469746c65223b733a373a22616473656e7365223b733a343a2270617468223b733a32323a2261646d696e2f73657474696e67732f616473656e7365223b733a383a226368696c6472656e223b613a303a7b7d733a343a2274797065223b693a32323b733a333a22706964223b693a31313b7d693a32393b613a353a7b733a353a227469746c65223b733a31303a2261676772656761746f72223b733a343a2270617468223b733a32353a2261646d696e2f73657474696e67732f61676772656761746f72223b733a383a226368696c6472656e223b613a303a7b7d733a343a2274797065223b693a32323b733a333a22706964223b693a31313b7d693a32323b613a353a7b733a353a227469746c65223b733a31333a22636f6e74656e74207479706573223b733a343a2270617468223b733a32383a2261646d696e2f73657474696e67732f636f6e74656e742d7479706573223b733a383a226368696c6472656e223b613a303a7b7d733a343a2274797065223b693a32323b733a333a22706964223b693a31313b7d693a32373b613a353a7b733a353a227469746c65223b733a393a22666c6578696e6f6465223b733a343a2270617468223b733a32343a2261646d696e2f73657474696e67732f666c6578696e6f6465223b733a383a226368696c6472656e223b613a303a7b7d733a343a2274797065223b693a32323b733a333a22706964223b693a31313b7d693a32343b613a353a7b733a353a227469746c65223b733a353a226d656e7573223b733a343a2270617468223b733a31393a2261646d696e2f73657474696e67732f6d656e75223b733a383a226368696c6472656e223b613a303a7b7d733a343a2274797065223b693a32323b733a333a22706964223b693a31313b7d693a35333b613a353a7b733a353a227469746c65223b733a31323a22706f6f726d616e7363726f6e223b733a343a2270617468223b733a32373a2261646d696e2f73657474696e67732f706f6f726d616e7363726f6e223b733a383a226368696c6472656e223b613a303a7b7d733a343a2274797065223b693a32323b733a333a22706964223b693a31313b7d693a32313b613a353a7b733a353a227469746c65223b733a353a22706f737473223b733a343a2270617468223b733a31393a2261646d696e2f73657474696e67732f6e6f6465223b733a383a226368696c6472656e223b613a303a7b7d733a343a2274797065223b693a32323b733a333a22706964223b693a31313b7d693a33303b613a353a7b733a353a227469746c65223b733a363a22736561726368223b733a343a2270617468223b733a32313a2261646d696e2f73657474696e67732f736561726368223b733a383a226368696c6472656e223b613a303a7b7d733a343a2274797065223b693a32323b733a333a22706964223b693a31313b7d693a34383b613a353a7b733a353a227469746c65223b733a383a227468726f74746c65223b733a343a2270617468223b733a32333a2261646d696e2f73657474696e67732f7468726f74746c65223b733a383a226368696c6472656e223b613a303a7b7d733a343a2274797065223b693a32323b733a333a22706964223b693a31313b7d693a33313b613a353a7b733a353a227469746c65223b733a363a2275706c6f6164223b733a343a2270617468223b733a32313a2261646d696e2f73657474696e67732f75706c6f6164223b733a383a226368696c6472656e223b613a303a7b7d733a343a2274797065223b693a32323b733a333a22706964223b693a31313b7d693a32333b613a353a7b733a353a227469746c65223b733a353a227573657273223b733a343a2270617468223b733a31393a2261646d696e2f73657474696e67732f75736572223b733a383a226368696c6472656e223b613a303a7b7d733a343a2274797065223b693a32323b733a333a22706964223b693a31313b7d693a31313b613a353a7b733a353a227469746c65223b733a383a2273657474696e6773223b733a343a2270617468223b733a31343a2261646d696e2f73657474696e6773223b733a383a226368696c6472656e223b613a31313a7b693a303b693a34373b693a313b693a32393b693a323b693a32323b693a333b693a32373b693a343b693a32343b693a353b693a35333b693a363b693a32313b693a373b693a33303b693a383b693a34383b693a393b693a33313b693a31303b693a32333b7d733a343a2274797065223b693a32323b733a333a22706964223b693a353b7d693a31303b613a353a7b733a353a227469746c65223b733a363a227468656d6573223b733a343a2270617468223b733a31323a2261646d696e2f7468656d6573223b733a383a226368696c6472656e223b613a303a7b7d733a343a2274797065223b693a32323b733a333a22706964223b693a353b7d693a31333b613a353a7b733a353a227469746c65223b733a353a227573657273223b733a343a2270617468223b733a31303a2261646d696e2f75736572223b733a383a226368696c6472656e223b613a303a7b7d733a343a2274797065223b693a32323b733a333a22706964223b693a353b7d693a31383b613a353a7b733a353a227469746c65223b733a343a2268656c70223b733a343a2270617468223b733a31303a2261646d696e2f68656c70223b733a383a226368696c6472656e223b613a303a7b7d733a343a2274797065223b693a32323b733a333a22706964223b693a353b7d693a353b613a353a7b733a353a227469746c65223b733a31303a2261646d696e6973746572223b733a343a2270617468223b733a353a2261646d696e223b733a383a226368696c6472656e223b613a31353a7b693a303b693a31343b693a313b693a33323b693a323b693a31363b693a333b693a32303b693a343b693a31373b693a353b693a383b693a363b693a35323b693a373b693a373b693a383b693a31353b693a393b693a31393b693a31303b693a31323b693a31313b693a31313b693a31323b693a31303b693a31333b693a31333b693a31343b693a31383b7d733a343a2274797065223b693a32323b733a333a22706964223b693a313b7d693a363b613a353a7b733a353a227469746c65223b733a373a226c6f67206f7574223b733a343a2270617468223b733a363a226c6f676f7574223b733a383a226368696c6472656e223b613a303a7b7d733a343a2274797065223b693a32323b733a333a22706964223b693a313b7d693a313b613a353a7b733a353a227469746c65223b733a31303a224e617669676174696f6e223b733a343a2270617468223b733a303a22223b733a383a226368696c6472656e223b613a373a7b693a303b693a393b693a313b693a2d35343b693a323b693a2d37393b693a333b693a34393b693a343b693a33333b693a353b693a353b693a363b693a363b7d733a343a2274797065223b693a333b733a333a22706964223b693a303b7d693a323b613a353a7b733a353a227469746c65223b733a31333a225072696d617279206c696e6b73223b733a343a2270617468223b733a303a22223b733a383a226368696c6472656e223b613a303a7b7d733a343a2274797065223b733a333a22313135223b733a333a22706964223b693a303b7d693a303b613a343a7b733a353a227469746c65223b733a303a22223b733a343a2270617468223b733a303a22223b733a383a226368696c6472656e223b613a323a7b693a303b693a313b693a313b693a323b7d733a343a2274797065223b693a313b7d7d7d, 1146819310, 1146732910, '');
INSERT INTO `cache` VALUES ('filter:1:a776b4c0ad887e78b2a684d8e252bd87', 0x656e636c6f73656420616e6420636f726e65726564, 1146818397, 1146731997, '');
INSERT INTO `cache` VALUES ('filter:1:f24c10727449c7c66d44dc28ea871a4d', 0x746869732069732072656c6174656420746f2074726f7068792068756e74696e67, 1146818397, 1146731997, '');
INSERT INTO `cache` VALUES ('filter:1:4c31890390bc111bd0c74a4924299316', 0x54726f7068792068756e74696e6720616e642063616e6e65642068756e74696e6720676f2068616e6420696e2068616e64207768656e20697420636f6d657320746f207468652077616e746f6e206465737472756374696f6e206f66206f7572206d6f73742062656175746966756c20616e696d616c732e2e2e, 1146818397, 1146731997, '');
INSERT INTO `cache` VALUES ('filter:1:d6ac22d67912d53168dd7bbc09509935', 0x5468652070726f74656374696f6e206f66206f75722077696c646c6966652063616e6e6f74206265206c65667420746f20746865206d6f72616c6c7920646570726176656420636f6e736572766174696f6e2062757265617563726163792e2e2e, 1146818397, 1146731997, '');
INSERT INTO `cache` VALUES ('filter:3:d8a0e31eebe783df2a4a61e70df2f167', 0x3c7461626c6520626f726465723d2230223e0a20203c74723e0a202020203c746420636f6c7370616e3d22322220636c6173733d22626f6479222077696474683d2231303025223e0a2020202020203c7374726f6e673e506c656173652073656c6563742061206c696e6b2062656c6f7720746f207669657720746861742061727469636c653a3c2f7374726f6e673e3c6272202f3e0a2020202020203c68723e0a202020203c2f74643e0a20203c2f74723e0a20203c74723e0a20202020203c746420636c6173733d22626f6479222076616c69676e3d22746f70223e0a2020202020203c62723e3c6272202f3e0a2020202020203c6120207374796c653d22756e6465726c696e652220687265663d226a6176617363726970743a616a61787061676528272f64727570616c2f66696c65732f30395f30325f6e6577732e747874272c2027636f6e74656e746172656127293b223e4c6174657374204e6577733c2f613e3c6272202f3e0a2020202020203c612020687265663d226a6176617363726970743a616a61787061676528272f64727570616c2f66696c65732f30395f30325f6e6f746e6577732e747874272c2027636f6e74656e746172656127293b223e506c61696e204f6c6420436f6e74656e743c2f613e0a20202020203c2f74643e0a3c74642069643d22636f6e74656e7461726561222077696474683d223730252220616c69676e3d2263656e746572223e3c2f74643e0a20203c2f74723e0a3c2f7461626c653e0a, 1146818397, 1146731997, '');

-- --------------------------------------------------------

-- 
-- Table structure for table `client`
-- 

DROP TABLE IF EXISTS `client`;
CREATE TABLE IF NOT EXISTS `client` (
  `cid` int(10) unsigned NOT NULL auto_increment,
  `link` varchar(255) NOT NULL default '',
  `name` varchar(128) NOT NULL default '',
  `mail` varchar(128) NOT NULL default '',
  `slogan` longtext NOT NULL,
  `mission` longtext NOT NULL,
  `users` int(10) NOT NULL default '0',
  `nodes` int(10) NOT NULL default '0',
  `version` varchar(35) NOT NULL default '',
  `created` int(11) NOT NULL default '0',
  `changed` int(11) NOT NULL default '0',
  PRIMARY KEY  (`cid`)
) ENGINE=MyISAM DEFAULT CHARSET=utf8 AUTO_INCREMENT=1 ;

-- 
-- Dumping data for table `client`
-- 


-- --------------------------------------------------------

-- 
-- Table structure for table `client_system`
-- 

DROP TABLE IF EXISTS `client_system`;
CREATE TABLE IF NOT EXISTS `client_system` (
  `cid` int(10) NOT NULL default '0',
  `name` varchar(255) NOT NULL default '',
  `type` varchar(255) NOT NULL default '',
  PRIMARY KEY  (`cid`,`name`)
) ENGINE=MyISAM DEFAULT CHARSET=utf8;

-- 
-- Dumping data for table `client_system`
-- 


-- --------------------------------------------------------

-- 
-- Table structure for table `comments`
-- 

DROP TABLE IF EXISTS `comments`;
CREATE TABLE IF NOT EXISTS `comments` (
  `cid` int(10) NOT NULL auto_increment,
  `pid` int(10) NOT NULL default '0',
  `nid` int(10) NOT NULL default '0',
  `uid` int(10) NOT NULL default '0',
  `subject` varchar(64) NOT NULL default '',
  `comment` longtext NOT NULL,
  `hostname` varchar(128) NOT NULL default '',
  `timestamp` int(11) NOT NULL default '0',
  `score` mediumint(9) NOT NULL default '0',
  `status` tinyint(3) unsigned NOT NULL default '0',
  `format` int(4) NOT NULL default '0',
  `thread` varchar(255) NOT NULL default '',
  `users` longtext,
  `name` varchar(60) default NULL,
  `mail` varchar(64) default NULL,
  `homepage` varchar(255) default NULL,
  PRIMARY KEY  (`cid`),
  KEY `lid` (`nid`)
) ENGINE=MyISAM DEFAULT CHARSET=utf8 AUTO_INCREMENT=1 ;

-- 
-- Dumping data for table `comments`
-- 


-- --------------------------------------------------------

-- 
-- Table structure for table `contact`
-- 

DROP TABLE IF EXISTS `contact`;
CREATE TABLE IF NOT EXISTS `contact` (
  `cid` int(10) unsigned NOT NULL auto_increment,
  `category` varchar(255) NOT NULL default '',
  `recipients` longtext NOT NULL,
  `reply` longtext NOT NULL,
  `weight` tinyint(3) NOT NULL default '0',
  `selected` tinyint(1) NOT NULL default '0',
  PRIMARY KEY  (`cid`),
  UNIQUE KEY `category` (`category`)
) ENGINE=MyISAM DEFAULT CHARSET=utf8 AUTO_INCREMENT=1 ;

-- 
-- Dumping data for table `contact`
-- 


-- --------------------------------------------------------

-- 
-- Table structure for table `file_revisions`
-- 

DROP TABLE IF EXISTS `file_revisions`;
CREATE TABLE IF NOT EXISTS `file_revisions` (
  `fid` int(10) unsigned NOT NULL default '0',
  `vid` int(10) unsigned NOT NULL default '0',
  `description` varchar(255) NOT NULL default '',
  `list` tinyint(1) unsigned NOT NULL default '0',
  PRIMARY KEY  (`fid`,`vid`)
) ENGINE=MyISAM DEFAULT CHARSET=utf8;

-- 
-- Dumping data for table `file_revisions`
-- 

INSERT INTO `file_revisions` VALUES (1, 6, '09_02_news.txt', 0);
INSERT INTO `file_revisions` VALUES (2, 6, '09_02_notnews.txt', 0);
INSERT INTO `file_revisions` VALUES (3, 6, 'PacktLogoSmall.png', 0);

-- --------------------------------------------------------

-- 
-- Table structure for table `files`
-- 

DROP TABLE IF EXISTS `files`;
CREATE TABLE IF NOT EXISTS `files` (
  `fid` int(10) unsigned NOT NULL default '0',
  `nid` int(10) unsigned NOT NULL default '0',
  `filename` varchar(255) NOT NULL default '',
  `filepath` varchar(255) NOT NULL default '',
  `filemime` varchar(255) NOT NULL default '',
  `filesize` int(10) unsigned NOT NULL default '0',
  PRIMARY KEY  (`fid`)
) ENGINE=MyISAM DEFAULT CHARSET=utf8;

-- 
-- Dumping data for table `files`
-- 

INSERT INTO `files` VALUES (1, 6, '09_02_news.txt', 'files/09_02_news.txt', 'text/plain', 665);
INSERT INTO `files` VALUES (2, 6, '09_02_notnews.txt', 'files/09_02_notnews.txt', 'text/plain', 585);
INSERT INTO `files` VALUES (3, 6, 'PacktLogoSmall.png', 'files/PacktLogoSmall.png', 'image/x-png', 2638);

-- --------------------------------------------------------

-- 
-- Table structure for table `filter_formats`
-- 

DROP TABLE IF EXISTS `filter_formats`;
CREATE TABLE IF NOT EXISTS `filter_formats` (
  `format` int(4) NOT NULL auto_increment,
  `name` varchar(255) NOT NULL default '',
  `roles` varchar(255) NOT NULL default '',
  `cache` tinyint(2) NOT NULL default '0',
  PRIMARY KEY  (`format`),
  UNIQUE KEY `name` (`name`)
) ENGINE=MyISAM DEFAULT CHARSET=utf8 AUTO_INCREMENT=4 ;

-- 
-- Dumping data for table `filter_formats`
-- 

INSERT INTO `filter_formats` VALUES (1, 'Filtered HTML', ',anonymous user,authenticated user,', 1);
INSERT INTO `filter_formats` VALUES (2, 'PHP code', '', 0);
INSERT INTO `filter_formats` VALUES (3, 'Full HTML', ',2,', 1);

-- --------------------------------------------------------

-- 
-- Table structure for table `filters`
-- 

DROP TABLE IF EXISTS `filters`;
CREATE TABLE IF NOT EXISTS `filters` (
  `format` int(4) NOT NULL default '0',
  `module` varchar(64) NOT NULL default '',
  `delta` tinyint(2) NOT NULL default '0',
  `weight` tinyint(2) NOT NULL default '0',
  KEY `weight` (`weight`)
) ENGINE=MyISAM DEFAULT CHARSET=utf8;

-- 
-- Dumping data for table `filters`
-- 

INSERT INTO `filters` VALUES (1, 'filter', 0, 0);
INSERT INTO `filters` VALUES (2, 'filter', 1, 0);
INSERT INTO `filters` VALUES (3, 'filter', 2, 0);
INSERT INTO `filters` VALUES (3, 'adsense', 0, 10);

-- --------------------------------------------------------

-- 
-- Table structure for table `flexinode_data`
-- 

DROP TABLE IF EXISTS `flexinode_data`;
CREATE TABLE IF NOT EXISTS `flexinode_data` (
  `nid` int(10) unsigned NOT NULL default '0',
  `field_id` int(10) unsigned NOT NULL default '0',
  `textual_data` mediumtext NOT NULL,
  `numeric_data` int(10) unsigned NOT NULL default '0',
  `serialized_data` mediumtext NOT NULL,
  PRIMARY KEY  (`nid`,`field_id`)
) ENGINE=MyISAM DEFAULT CHARSET=latin1;

-- 
-- Dumping data for table `flexinode_data`
-- 


-- --------------------------------------------------------

-- 
-- Table structure for table `flexinode_field`
-- 

DROP TABLE IF EXISTS `flexinode_field`;
CREATE TABLE IF NOT EXISTS `flexinode_field` (
  `field_id` int(10) unsigned NOT NULL default '0',
  `ctype_id` int(10) unsigned NOT NULL default '0',
  `label` varchar(255) NOT NULL default '',
  `default_value` mediumtext NOT NULL,
  `weight` int(10) NOT NULL default '0',
  `required` int(1) NOT NULL default '0',
  `show_teaser` int(1) NOT NULL default '0',
  `show_table` int(1) NOT NULL default '0',
  `rows` int(10) unsigned NOT NULL default '0',
  `field_type` varchar(255) NOT NULL default '',
  `options` text NOT NULL,
  `description` varchar(255) NOT NULL default '',
  PRIMARY KEY  (`field_id`),
  KEY `ctype_id` (`ctype_id`)
) ENGINE=MyISAM DEFAULT CHARSET=latin1;

-- 
-- Dumping data for table `flexinode_field`
-- 

INSERT INTO `flexinode_field` VALUES (7, 0, 'Introduction', '', -9, 1, 1, 0, 5, 'textarea', 'a:1:{i:1;s:0:"";}', 'Use this area to introduce the specie in question.');
INSERT INTO `flexinode_field` VALUES (8, 0, 'Image', '', -7, 0, 0, 0, 0, 'image', 'a:4:{i:1;s:7:"800x600";i:2;s:7:"512x384";i:3;s:7:"100x100";i:4;s:3:"100";}', 'Add an image of the specie');
INSERT INTO `flexinode_field` VALUES (9, 0, 'daesfg', '', 0, 1, 0, 0, 0, 'address', 'a:1:{i:1;s:0:"";}', 'fedg');
INSERT INTO `flexinode_field` VALUES (10, 0, 'gsed', '', 0, 1, 1, 0, 0, 'address', 'a:1:{i:1;s:0:"";}', 'dsfg');
INSERT INTO `flexinode_field` VALUES (11, 0, 'et', '', 0, 1, 1, 0, 0, 'address', 'a:1:{i:1;s:0:"";}', 'thres');

-- --------------------------------------------------------

-- 
-- Table structure for table `flexinode_type`
-- 

DROP TABLE IF EXISTS `flexinode_type`;
CREATE TABLE IF NOT EXISTS `flexinode_type` (
  `ctype_id` int(10) unsigned NOT NULL default '0',
  `name` varchar(255) NOT NULL default '',
  `description` varchar(255) NOT NULL default '',
  `help` text NOT NULL,
  PRIMARY KEY  (`ctype_id`)
) ENGINE=MyISAM DEFAULT CHARSET=latin1;

-- 
-- Dumping data for table `flexinode_type`
-- 


-- --------------------------------------------------------

-- 
-- Table structure for table `flood`
-- 

DROP TABLE IF EXISTS `flood`;
CREATE TABLE IF NOT EXISTS `flood` (
  `event` varchar(64) NOT NULL default '',
  `hostname` varchar(128) NOT NULL default '',
  `timestamp` int(11) NOT NULL default '0'
) ENGINE=MyISAM DEFAULT CHARSET=utf8;

-- 
-- Dumping data for table `flood`
-- 


-- --------------------------------------------------------

-- 
-- Table structure for table `forum`
-- 

DROP TABLE IF EXISTS `forum`;
CREATE TABLE IF NOT EXISTS `forum` (
  `nid` int(10) unsigned NOT NULL default '0',
  `vid` int(10) unsigned NOT NULL default '0',
  `tid` int(10) unsigned NOT NULL default '0',
  PRIMARY KEY  (`vid`),
  KEY `nid` (`nid`),
  KEY `tid` (`tid`)
) ENGINE=MyISAM DEFAULT CHARSET=utf8;

-- 
-- Dumping data for table `forum`
-- 


-- --------------------------------------------------------

-- 
-- Table structure for table `history`
-- 

DROP TABLE IF EXISTS `history`;
CREATE TABLE IF NOT EXISTS `history` (
  `uid` int(10) NOT NULL default '0',
  `nid` int(10) NOT NULL default '0',
  `timestamp` int(11) NOT NULL default '0',
  PRIMARY KEY  (`uid`,`nid`)
) ENGINE=MyISAM DEFAULT CHARSET=utf8;

-- 
-- Dumping data for table `history`
-- 

INSERT INTO `history` VALUES (2, 1, 1144748113);
INSERT INTO `history` VALUES (1, 2, 1144755062);
INSERT INTO `history` VALUES (2, 3, 1144762583);
INSERT INTO `history` VALUES (1, 4, 1144832840);
INSERT INTO `history` VALUES (2, 4, 1144832880);
INSERT INTO `history` VALUES (2, 5, 1144833558);
INSERT INTO `history` VALUES (1, 6, 1146731951);
INSERT INTO `history` VALUES (2, 6, 1144844791);
INSERT INTO `history` VALUES (1, 7, 1144922878);
INSERT INTO `history` VALUES (1, 8, 1144924564);
INSERT INTO `history` VALUES (1, 9, 1144924485);
INSERT INTO `history` VALUES (1, 10, 1146731975);
INSERT INTO `history` VALUES (1, 11, 1146064419);

-- --------------------------------------------------------

-- 
-- Table structure for table `locales_meta`
-- 

DROP TABLE IF EXISTS `locales_meta`;
CREATE TABLE IF NOT EXISTS `locales_meta` (
  `locale` varchar(12) NOT NULL default '',
  `name` varchar(64) NOT NULL default '',
  `enabled` int(2) NOT NULL default '0',
  `isdefault` int(2) NOT NULL default '0',
  `plurals` int(1) NOT NULL default '0',
  `formula` varchar(128) NOT NULL default '',
  PRIMARY KEY  (`locale`)
) ENGINE=MyISAM DEFAULT CHARSET=utf8;

-- 
-- Dumping data for table `locales_meta`
-- 

INSERT INTO `locales_meta` VALUES ('en', 'English', 1, 1, 0, '');

-- --------------------------------------------------------

-- 
-- Table structure for table `locales_source`
-- 

DROP TABLE IF EXISTS `locales_source`;
CREATE TABLE IF NOT EXISTS `locales_source` (
  `lid` int(11) NOT NULL auto_increment,
  `location` varchar(255) NOT NULL default '',
  `source` blob NOT NULL,
  PRIMARY KEY  (`lid`)
) ENGINE=MyISAM DEFAULT CHARSET=utf8 AUTO_INCREMENT=1 ;

-- 
-- Dumping data for table `locales_source`
-- 


-- --------------------------------------------------------

-- 
-- Table structure for table `locales_target`
-- 

DROP TABLE IF EXISTS `locales_target`;
CREATE TABLE IF NOT EXISTS `locales_target` (
  `lid` int(11) NOT NULL default '0',
  `translation` blob NOT NULL,
  `locale` varchar(12) NOT NULL default '',
  `plid` int(11) NOT NULL default '0',
  `plural` int(1) NOT NULL default '0',
  KEY `lid` (`lid`),
  KEY `lang` (`locale`),
  KEY `plid` (`plid`),
  KEY `plural` (`plural`)
) ENGINE=MyISAM DEFAULT CHARSET=utf8;

-- 
-- Dumping data for table `locales_target`
-- 


-- --------------------------------------------------------

-- 
-- Table structure for table `menu`
-- 

DROP TABLE IF EXISTS `menu`;
CREATE TABLE IF NOT EXISTS `menu` (
  `mid` int(10) unsigned NOT NULL default '0',
  `pid` int(10) unsigned NOT NULL default '0',
  `path` varchar(255) NOT NULL default '',
  `title` varchar(255) NOT NULL default '',
  `description` varchar(255) NOT NULL default '',
  `weight` tinyint(4) NOT NULL default '0',
  `type` int(2) unsigned NOT NULL default '0',
  PRIMARY KEY  (`mid`)
) ENGINE=MyISAM DEFAULT CHARSET=utf8;

-- 
-- Dumping data for table `menu`
-- 

INSERT INTO `menu` VALUES (2, 0, '', 'Primary links', '', 0, 115);
INSERT INTO `menu` VALUES (3, 1, 'filter/tips', 'compose tips', '', 0, 16);
INSERT INTO `menu` VALUES (4, 1, 'node', 'content', '', 0, 16);
INSERT INTO `menu` VALUES (5, 1, 'admin', 'administer', '', 9, 22);
INSERT INTO `menu` VALUES (6, 1, 'logout', 'log out', '', 10, 22);
INSERT INTO `menu` VALUES (7, 5, 'admin/filters', 'input formats', '', 0, 22);
INSERT INTO `menu` VALUES (8, 5, 'admin/node', 'content', '', 0, 22);
INSERT INTO `menu` VALUES (9, 4, 'node/add', 'create content', '', 1, 28);
INSERT INTO `menu` VALUES (10, 5, 'admin/themes', 'themes', '', 0, 22);
INSERT INTO `menu` VALUES (11, 5, 'admin/settings', 'settings', '', 0, 22);
INSERT INTO `menu` VALUES (12, 5, 'admin/modules', 'modules', '', 0, 22);
INSERT INTO `menu` VALUES (13, 5, 'admin/user', 'users', '', 0, 22);
INSERT INTO `menu` VALUES (14, 5, 'admin/access', 'access control', '', 0, 22);
INSERT INTO `menu` VALUES (15, 5, 'admin/logs', 'logs', '', 0, 22);
INSERT INTO `menu` VALUES (16, 5, 'admin/block', 'blocks', '', 0, 22);
INSERT INTO `menu` VALUES (17, 5, 'admin/comment', 'comments', '', 0, 22);
INSERT INTO `menu` VALUES (18, 5, 'admin/help', 'help', '', 9, 22);
INSERT INTO `menu` VALUES (19, 5, 'admin/menu', 'menus', '', 0, 22);
INSERT INTO `menu` VALUES (20, 5, 'admin/taxonomy', 'categories', '', 0, 22);
INSERT INTO `menu` VALUES (21, 11, 'admin/settings/node', 'posts', '', 0, 22);
INSERT INTO `menu` VALUES (22, 11, 'admin/settings/content-types', 'content types', '', 0, 22);
INSERT INTO `menu` VALUES (23, 11, 'admin/settings/user', 'users', '', 0, 22);
INSERT INTO `menu` VALUES (24, 11, 'admin/settings/menu', 'menus', '', 0, 22);
INSERT INTO `menu` VALUES (25, 9, 'node/add/page', 'page', '', 0, 22);
INSERT INTO `menu` VALUES (26, 9, 'node/add/story', 'story', '', 0, 22);
INSERT INTO `menu` VALUES (27, 11, 'admin/settings/flexinode', 'flexinode', '', 0, 22);
INSERT INTO `menu` VALUES (28, 9, 'node/add/flexinode-1', 'Animal Stats', '', 0, 22);
INSERT INTO `menu` VALUES (29, 11, 'admin/settings/aggregator', 'aggregator', '', 0, 22);
INSERT INTO `menu` VALUES (30, 11, 'admin/settings/search', 'search', '', 0, 22);
INSERT INTO `menu` VALUES (31, 11, 'admin/settings/upload', 'upload', '', 0, 22);
INSERT INTO `menu` VALUES (32, 5, 'admin/aggregator', 'aggregator', '', 0, 22);
INSERT INTO `menu` VALUES (33, 1, 'aggregator', 'news aggregator', '', 5, 22);
INSERT INTO `menu` VALUES (34, 1, 'archive', 'archives', '', 0, 16);
INSERT INTO `menu` VALUES (35, 9, 'node/add/blog', 'blog entry', '', 0, 22);
INSERT INTO `menu` VALUES (36, 1, 'blog', 'blogs', '', 0, 16);
INSERT INTO `menu` VALUES (37, 9, 'node/add/book', 'book page', '', 0, 22);
INSERT INTO `menu` VALUES (38, 1, 'book', 'books', '', 0, 16);
INSERT INTO `menu` VALUES (39, 9, 'node/add/poll', 'poll', '', 0, 22);
INSERT INTO `menu` VALUES (40, 1, 'poll', 'polls', '', 0, 16);
INSERT INTO `menu` VALUES (41, 1, 'search', 'search', '', 0, 16);
INSERT INTO `menu` VALUES (42, 33, 'aggregator/sources', 'sources', '', 0, 22);
INSERT INTO `menu` VALUES (43, 33, 'aggregator/categories', 'categories', '', 0, 28);
INSERT INTO `menu` VALUES (44, 9, 'node/add/flexinode-2', 'Animal Stats', '', 0, 22);
INSERT INTO `menu` VALUES (45, 9, 'node/add/flexinode-3', 'fedg', '', 0, 22);
INSERT INTO `menu` VALUES (46, 9, 'node/add/flexinode-4', 'Animal Stats', '', 0, 22);
INSERT INTO `menu` VALUES (47, 11, 'admin/settings/adsense', 'adsense', '', 0, 22);
INSERT INTO `menu` VALUES (48, 11, 'admin/settings/throttle', 'throttle', '', 0, 22);
INSERT INTO `menu` VALUES (49, 1, 'node/6', 'quick pick', 'A selection of the most interesting articles and content posted over the last week.', 3, 118);
INSERT INTO `menu` VALUES (50, 9, 'node/add/forum', 'forum topic', '', 0, 22);
INSERT INTO `menu` VALUES (51, 1, 'forum', 'forums', '', 0, 16);
INSERT INTO `menu` VALUES (52, 5, 'admin/forum', 'forums', '', 0, 22);
INSERT INTO `menu` VALUES (53, 11, 'admin/settings/poormanscron', 'poormanscron', '', 0, 22);
INSERT INTO `menu` VALUES (54, 16, 'admin/block/taxonomy_block', 'taxonomy block', '', 0, 22);

-- --------------------------------------------------------

-- 
-- Table structure for table `node`
-- 

DROP TABLE IF EXISTS `node`;
CREATE TABLE IF NOT EXISTS `node` (
  `nid` int(10) unsigned NOT NULL auto_increment,
  `vid` int(10) unsigned NOT NULL default '0',
  `type` varchar(32) NOT NULL default '',
  `title` varchar(128) NOT NULL default '',
  `uid` int(10) NOT NULL default '0',
  `status` int(4) NOT NULL default '1',
  `created` int(11) NOT NULL default '0',
  `changed` int(11) NOT NULL default '0',
  `comment` int(2) NOT NULL default '0',
  `promote` int(2) NOT NULL default '0',
  `moderate` int(2) NOT NULL default '0',
  `sticky` int(2) NOT NULL default '0',
  PRIMARY KEY  (`nid`),
  KEY `node_type` (`type`(4)),
  KEY `node_title_type` (`title`,`type`(4)),
  KEY `status` (`status`),
  KEY `uid` (`uid`),
  KEY `vid` (`vid`),
  KEY `node_moderate` (`moderate`),
  KEY `node_promote_status` (`promote`,`status`),
  KEY `node_created` (`created`),
  KEY `node_changed` (`changed`),
  KEY `node_status_type` (`status`,`type`,`nid`)
) ENGINE=MyISAM DEFAULT CHARSET=utf8 AUTO_INCREMENT=12 ;

-- 
-- Dumping data for table `node`
-- 

INSERT INTO `node` VALUES (1, 1, 'story', 'An authenticated user''s story...', 2, 1, 1144748095, 1144748113, 2, 1, 0, 0);
INSERT INTO `node` VALUES (3, 3, 'story', 'will I get any revenue?', 2, 1, 1144759380, 1144759380, 2, 1, 0, 0);
INSERT INTO `node` VALUES (4, 4, 'blog', 'Ads...', 1, 1, 1144832708, 1144832838, 2, 1, 0, 0);
INSERT INTO `node` VALUES (5, 5, 'page', 'Ads...', 2, 1, 1144833059, 1144833549, 2, 1, 0, 0);
INSERT INTO `node` VALUES (6, 6, 'page', 'quick pick', 1, 1, 1144841051, 1144844045, 0, 1, 0, 0);
INSERT INTO `node` VALUES (7, 7, 'blog', 'Adv. Chris Mercer takes on canned lion hunting in SA!', 1, 1, 1144922789, 1144922789, 2, 1, 0, 0);
INSERT INTO `node` VALUES (8, 8, 'blog', 'Skullduggery', 1, 1, 1144923792, 1144923792, 2, 1, 0, 0);
INSERT INTO `node` VALUES (9, 9, 'blog', 'related', 1, 1, 1144924465, 1144924465, 2, 1, 0, 0);
INSERT INTO `node` VALUES (11, 11, 'blog', 'unfair... cornered enclosed', 1, 1, 1146064394, 1146064394, 2, 1, 0, 0);

-- --------------------------------------------------------

-- 
-- Table structure for table `node_access`
-- 

DROP TABLE IF EXISTS `node_access`;
CREATE TABLE IF NOT EXISTS `node_access` (
  `nid` int(10) unsigned NOT NULL default '0',
  `gid` int(10) unsigned NOT NULL default '0',
  `realm` varchar(255) NOT NULL default '',
  `grant_view` tinyint(1) unsigned NOT NULL default '0',
  `grant_update` tinyint(1) unsigned NOT NULL default '0',
  `grant_delete` tinyint(1) unsigned NOT NULL default '0',
  PRIMARY KEY  (`nid`,`gid`,`realm`)
) ENGINE=MyISAM DEFAULT CHARSET=utf8;

-- 
-- Dumping data for table `node_access`
-- 

INSERT INTO `node_access` VALUES (0, 0, 'all', 1, 0, 0);

-- --------------------------------------------------------

-- 
-- Table structure for table `node_comment_statistics`
-- 

DROP TABLE IF EXISTS `node_comment_statistics`;
CREATE TABLE IF NOT EXISTS `node_comment_statistics` (
  `nid` int(10) unsigned NOT NULL auto_increment,
  `last_comment_timestamp` int(11) NOT NULL default '0',
  `last_comment_name` varchar(60) default NULL,
  `last_comment_uid` int(10) NOT NULL default '0',
  `comment_count` int(10) unsigned NOT NULL default '0',
  PRIMARY KEY  (`nid`),
  KEY `node_comment_timestamp` (`last_comment_timestamp`)
) ENGINE=MyISAM DEFAULT CHARSET=utf8 AUTO_INCREMENT=12 ;

-- 
-- Dumping data for table `node_comment_statistics`
-- 

INSERT INTO `node_comment_statistics` VALUES (1, 1144748095, NULL, 2, 0);
INSERT INTO `node_comment_statistics` VALUES (3, 1144759380, NULL, 2, 0);
INSERT INTO `node_comment_statistics` VALUES (4, 1144832708, NULL, 1, 0);
INSERT INTO `node_comment_statistics` VALUES (5, 1144833059, NULL, 2, 0);
INSERT INTO `node_comment_statistics` VALUES (6, 1144841051, NULL, 1, 0);
INSERT INTO `node_comment_statistics` VALUES (7, 1144922789, NULL, 1, 0);
INSERT INTO `node_comment_statistics` VALUES (8, 1144923792, NULL, 1, 0);
INSERT INTO `node_comment_statistics` VALUES (9, 1144924465, NULL, 1, 0);
INSERT INTO `node_comment_statistics` VALUES (11, 1146064394, NULL, 1, 0);

-- --------------------------------------------------------

-- 
-- Table structure for table `node_counter`
-- 

DROP TABLE IF EXISTS `node_counter`;
CREATE TABLE IF NOT EXISTS `node_counter` (
  `nid` int(11) NOT NULL default '0',
  `totalcount` bigint(20) unsigned NOT NULL default '0',
  `daycount` mediumint(8) unsigned NOT NULL default '0',
  `timestamp` int(11) unsigned NOT NULL default '0',
  PRIMARY KEY  (`nid`),
  KEY `totalcount` (`totalcount`),
  KEY `daycount` (`daycount`),
  KEY `timestamp` (`timestamp`)
) ENGINE=MyISAM DEFAULT CHARSET=utf8;

-- 
-- Dumping data for table `node_counter`
-- 


-- --------------------------------------------------------

-- 
-- Table structure for table `node_revisions`
-- 

DROP TABLE IF EXISTS `node_revisions`;
CREATE TABLE IF NOT EXISTS `node_revisions` (
  `nid` int(10) unsigned NOT NULL default '0',
  `vid` int(10) unsigned NOT NULL default '0',
  `uid` int(10) NOT NULL default '0',
  `title` varchar(128) NOT NULL default '',
  `body` longtext NOT NULL,
  `teaser` longtext NOT NULL,
  `log` longtext NOT NULL,
  `timestamp` int(11) NOT NULL default '0',
  `format` int(4) NOT NULL default '0',
  PRIMARY KEY  (`vid`),
  KEY `nid` (`nid`),
  KEY `uid` (`uid`)
) ENGINE=MyISAM DEFAULT CHARSET=utf8;

-- 
-- Dumping data for table `node_revisions`
-- 

INSERT INTO `node_revisions` VALUES (1, 1, 2, 'An authenticated user''s story...', 'This is my first story.. with a spelling error', 'This is my first story.. with a spelling error', '', 1144748113, 1);
INSERT INTO `node_revisions` VALUES (3, 3, 2, 'will I get any revenue?', 'who can say at this point..', 'who can say at this point..', '', 1144759380, 1);
INSERT INTO `node_revisions` VALUES (4, 4, 1, 'Ads...', 'Hi,\r\n\r\nThis is a page of Google ads:\r\n\r\n[adsense:160x60:1:1]', 'Hi,\r\n\r\nThis is a page of Google ads:\r\n\r\n[adsense:160x60:1:1]', '', 1144832838, 3);
INSERT INTO `node_revisions` VALUES (5, 5, 2, 'Ads...', 'Hi,\r\n\r\nThis is a page of Google Ads:\r\n\r\n[adsense:336x280:2:1]\r\n\r\nAll the best...', 'Hi,\r\n\r\nThis is a page of Google Ads:\r\n\r\n[adsense:336x280:2:1]\r\n\r\nAll the best...', '', 1144833549, 3);
INSERT INTO `node_revisions` VALUES (6, 6, 1, 'quick pick', '<table border="0">\r\n  <tr>\r\n    <td colspan="2" class="body" width="100%">\r\n      <strong>Please select a link below to view that article:</strong>\r\n      <hr>\r\n    </td>\r\n  </tr>\r\n  <tr>\r\n     <td class="body" valign="top">\r\n      <br>\r\n      <a  style="underline" href="javascript:ajaxpage(''/drupal/files/09_02_news.txt'', ''contentarea'');">Latest News</a>\r\n      <a  href="javascript:ajaxpage(''/drupal/files/09_02_notnews.txt'', ''contentarea'');">Plain Old Content</a>\r\n     </td>\r\n\r\n     <td id="contentarea" width="70%" align="center"></td>\r\n  </tr>\r\n</table>\r\n', '<table border="0">\r\n  <tr>\r\n    <td colspan="2" class="body" width="100%">\r\n      <strong>Please select a link below to view that article:</strong>\r\n      <hr>\r\n    </td>\r\n  </tr>\r\n  <tr>\r\n     <td class="body" valign="top">\r\n      <br>\r\n      <a  style="underline" href="javascript:ajaxpage(''/drupal/files/09_02_news.txt'', ''contentarea'');">Latest News</a>\r\n      <a  href="javascript:ajaxpage(''/drupal/files/09_02_notnews.txt'', ''contentarea'');">Plain Old Content</a>\r\n     </td>\r\n\r\n     <td id="contentarea" width="70%" align="center"></td>\r\n  </tr>\r\n</table>\r\n', '', 1144844045, 3);
INSERT INTO `node_revisions` VALUES (7, 7, 1, 'Adv. Chris Mercer takes on canned lion hunting in SA!', 'The protection of our wildlife cannot be left to the morally depraved conservation bureaucracy...', 'The protection of our wildlife cannot be left to the morally depraved conservation bureaucracy...', '', 1144922789, 1);
INSERT INTO `node_revisions` VALUES (8, 8, 1, 'Skullduggery', 'Trophy hunting and canned hunting go hand in hand when it comes to the wanton destruction of our most beautiful animals...', 'Trophy hunting and canned hunting go hand in hand when it comes to the wanton destruction of our most beautiful animals...', '', 1144923792, 1);
INSERT INTO `node_revisions` VALUES (9, 9, 1, 'related', 'this is related to trophy hunting', 'this is related to trophy hunting', '', 1144924465, 1);
INSERT INTO `node_revisions` VALUES (11, 11, 1, 'unfair... cornered enclosed', 'enclosed and cornered', 'enclosed and cornered', '', 1146064394, 1);

-- --------------------------------------------------------

-- 
-- Table structure for table `permission`
-- 

DROP TABLE IF EXISTS `permission`;
CREATE TABLE IF NOT EXISTS `permission` (
  `rid` int(10) unsigned NOT NULL default '0',
  `perm` longtext,
  `tid` int(10) unsigned NOT NULL default '0',
  KEY `rid` (`rid`)
) ENGINE=MyISAM DEFAULT CHARSET=utf8;

-- 
-- Dumping data for table `permission`
-- 

INSERT INTO `permission` VALUES (1, 'access content', 0);
INSERT INTO `permission` VALUES (2, 'access comments, post comments, post comments without approval, access content, create pages, edit own pages, create stories, edit own stories', 0);

-- --------------------------------------------------------

-- 
-- Table structure for table `poll`
-- 

DROP TABLE IF EXISTS `poll`;
CREATE TABLE IF NOT EXISTS `poll` (
  `nid` int(10) unsigned NOT NULL default '0',
  `runtime` int(10) NOT NULL default '0',
  `active` int(2) unsigned NOT NULL default '0',
  PRIMARY KEY  (`nid`)
) ENGINE=MyISAM DEFAULT CHARSET=utf8;

-- 
-- Dumping data for table `poll`
-- 


-- --------------------------------------------------------

-- 
-- Table structure for table `poll_choices`
-- 

DROP TABLE IF EXISTS `poll_choices`;
CREATE TABLE IF NOT EXISTS `poll_choices` (
  `chid` int(10) unsigned NOT NULL auto_increment,
  `nid` int(10) unsigned NOT NULL default '0',
  `chtext` varchar(128) NOT NULL default '',
  `chvotes` int(6) NOT NULL default '0',
  `chorder` int(2) NOT NULL default '0',
  PRIMARY KEY  (`chid`),
  KEY `nid` (`nid`)
) ENGINE=MyISAM DEFAULT CHARSET=utf8 AUTO_INCREMENT=1 ;

-- 
-- Dumping data for table `poll_choices`
-- 


-- --------------------------------------------------------

-- 
-- Table structure for table `poll_votes`
-- 

DROP TABLE IF EXISTS `poll_votes`;
CREATE TABLE IF NOT EXISTS `poll_votes` (
  `nid` int(10) unsigned NOT NULL default '0',
  `uid` int(10) unsigned NOT NULL default '0',
  `hostname` varchar(128) NOT NULL default '',
  KEY `nid` (`nid`),
  KEY `uid` (`uid`),
  KEY `hostname` (`hostname`)
) ENGINE=MyISAM DEFAULT CHARSET=utf8;

-- 
-- Dumping data for table `poll_votes`
-- 


-- --------------------------------------------------------

-- 
-- Table structure for table `profile_fields`
-- 

DROP TABLE IF EXISTS `profile_fields`;
CREATE TABLE IF NOT EXISTS `profile_fields` (
  `fid` int(10) NOT NULL auto_increment,
  `title` varchar(255) default NULL,
  `name` varchar(128) default NULL,
  `explanation` text,
  `category` varchar(255) default NULL,
  `page` varchar(255) default NULL,
  `type` varchar(128) default NULL,
  `weight` tinyint(1) NOT NULL default '0',
  `required` tinyint(1) NOT NULL default '0',
  `register` tinyint(1) NOT NULL default '0',
  `visibility` tinyint(1) NOT NULL default '0',
  `options` text,
  PRIMARY KEY  (`fid`),
  UNIQUE KEY `name` (`name`),
  KEY `category` (`category`)
) ENGINE=MyISAM DEFAULT CHARSET=utf8 AUTO_INCREMENT=1 ;

-- 
-- Dumping data for table `profile_fields`
-- 


-- --------------------------------------------------------

-- 
-- Table structure for table `profile_values`
-- 

DROP TABLE IF EXISTS `profile_values`;
CREATE TABLE IF NOT EXISTS `profile_values` (
  `fid` int(10) unsigned default '0',
  `uid` int(10) unsigned default '0',
  `value` text,
  KEY `uid` (`uid`),
  KEY `fid` (`fid`)
) ENGINE=MyISAM DEFAULT CHARSET=utf8;

-- 
-- Dumping data for table `profile_values`
-- 


-- --------------------------------------------------------

-- 
-- Table structure for table `role`
-- 

DROP TABLE IF EXISTS `role`;
CREATE TABLE IF NOT EXISTS `role` (
  `rid` int(10) unsigned NOT NULL auto_increment,
  `name` varchar(32) NOT NULL default '',
  PRIMARY KEY  (`rid`),
  UNIQUE KEY `name` (`name`)
) ENGINE=MyISAM DEFAULT CHARSET=utf8 AUTO_INCREMENT=3 ;

-- 
-- Dumping data for table `role`
-- 

INSERT INTO `role` VALUES (1, 'anonymous user');
INSERT INTO `role` VALUES (2, 'authenticated user');

-- --------------------------------------------------------

-- 
-- Table structure for table `search_dataset`
-- 

DROP TABLE IF EXISTS `search_dataset`;
CREATE TABLE IF NOT EXISTS `search_dataset` (
  `sid` int(10) unsigned NOT NULL default '0',
  `type` varchar(16) default NULL,
  `data` longtext NOT NULL,
  KEY `sid_type` (`sid`,`type`)
) ENGINE=MyISAM DEFAULT CHARSET=utf8;

-- 
-- Dumping data for table `search_dataset`
-- 

INSERT INTO `search_dataset` VALUES (1, 'node', ' an authenticated user s story this is my first story with a spelling error ');
INSERT INTO `search_dataset` VALUES (3, 'node', ' will i get any revenue  who can say at this point ');
INSERT INTO `search_dataset` VALUES (4, 'node', ' ads hi this is a page of google ads  ');
INSERT INTO `search_dataset` VALUES (5, 'node', ' ads hi this is a page of google ads google adsense ad placeholder here all the best  ');
INSERT INTO `search_dataset` VALUES (6, 'node', ' quick pick please select a link below to view that article  latest news plain old content ');
INSERT INTO `search_dataset` VALUES (7, 'node', ' adv chris mercer takes on canned lion hunting in sa  the protection of our wildlife cannot be left to the morally depraved conservation bureaucracy ');
INSERT INTO `search_dataset` VALUES (8, 'node', ' skullduggery trophy hunting and canned hunting go hand in hand when it comes to the wanton destruction of our most beautiful animals ');
INSERT INTO `search_dataset` VALUES (9, 'node', ' related this is related to trophy hunting ');
INSERT INTO `search_dataset` VALUES (11, 'node', ' unfair cornered enclosed enclosed and cornered ');

-- --------------------------------------------------------

-- 
-- Table structure for table `search_index`
-- 

DROP TABLE IF EXISTS `search_index`;
CREATE TABLE IF NOT EXISTS `search_index` (
  `word` varchar(50) NOT NULL default '',
  `sid` int(10) unsigned NOT NULL default '0',
  `type` varchar(16) default NULL,
  `fromsid` int(10) unsigned NOT NULL default '0',
  `fromtype` varchar(16) default NULL,
  `score` float default NULL,
  KEY `sid_type` (`sid`,`type`),
  KEY `from_sid_type` (`fromsid`,`fromtype`),
  KEY `word` (`word`)
) ENGINE=MyISAM DEFAULT CHARSET=utf8;

-- 
-- Dumping data for table `search_index`
-- 

INSERT INTO `search_index` VALUES ('spelling', 1, 'node', 0, NULL, 1);
INSERT INTO `search_index` VALUES ('with', 1, 'node', 0, NULL, 1);
INSERT INTO `search_index` VALUES ('first', 1, 'node', 0, NULL, 1);
INSERT INTO `search_index` VALUES ('this', 1, 'node', 0, NULL, 1);
INSERT INTO `search_index` VALUES ('story', 1, 'node', 0, NULL, 27);
INSERT INTO `search_index` VALUES ('user', 1, 'node', 0, NULL, 26);
INSERT INTO `search_index` VALUES ('this', 3, 'node', 0, NULL, 1);
INSERT INTO `search_index` VALUES ('say', 3, 'node', 0, NULL, 1);
INSERT INTO `search_index` VALUES ('can', 3, 'node', 0, NULL, 1);
INSERT INTO `search_index` VALUES ('who', 3, 'node', 0, NULL, 1);
INSERT INTO `search_index` VALUES ('revenue', 3, 'node', 0, NULL, 26);
INSERT INTO `search_index` VALUES ('any', 3, 'node', 0, NULL, 26);
INSERT INTO `search_index` VALUES ('get', 3, 'node', 0, NULL, 26);
INSERT INTO `search_index` VALUES ('page', 4, 'node', 0, NULL, 1);
INSERT INTO `search_index` VALUES ('this', 4, 'node', 0, NULL, 1);
INSERT INTO `search_index` VALUES ('ads', 4, 'node', 0, NULL, 27);
INSERT INTO `search_index` VALUES ('all', 5, 'node', 0, NULL, 1);
INSERT INTO `search_index` VALUES ('here', 5, 'node', 0, NULL, 1);
INSERT INTO `search_index` VALUES ('placeholder', 5, 'node', 0, NULL, 1);
INSERT INTO `search_index` VALUES ('adsense', 5, 'node', 0, NULL, 1);
INSERT INTO `search_index` VALUES ('google', 5, 'node', 0, NULL, 2);
INSERT INTO `search_index` VALUES ('page', 5, 'node', 0, NULL, 1);
INSERT INTO `search_index` VALUES ('plain', 6, 'node', 0, NULL, 11);
INSERT INTO `search_index` VALUES ('news', 6, 'node', 0, NULL, 11);
INSERT INTO `search_index` VALUES ('latest', 6, 'node', 0, NULL, 11);
INSERT INTO `search_index` VALUES ('article', 6, 'node', 0, NULL, 4);
INSERT INTO `search_index` VALUES ('that', 6, 'node', 0, NULL, 4);
INSERT INTO `search_index` VALUES ('view', 6, 'node', 0, NULL, 4);
INSERT INTO `search_index` VALUES ('below', 6, 'node', 0, NULL, 4);
INSERT INTO `search_index` VALUES ('link', 6, 'node', 0, NULL, 4);
INSERT INTO `search_index` VALUES ('select', 6, 'node', 0, NULL, 4);
INSERT INTO `search_index` VALUES ('please', 6, 'node', 0, NULL, 4);
INSERT INTO `search_index` VALUES ('depraved', 7, 'node', 0, NULL, 1);
INSERT INTO `search_index` VALUES ('morally', 7, 'node', 0, NULL, 1);
INSERT INTO `search_index` VALUES ('left', 7, 'node', 0, NULL, 1);
INSERT INTO `search_index` VALUES ('cannot', 7, 'node', 0, NULL, 1);
INSERT INTO `search_index` VALUES ('wildlife', 7, 'node', 0, NULL, 1);
INSERT INTO `search_index` VALUES ('our', 7, 'node', 0, NULL, 1);
INSERT INTO `search_index` VALUES ('protection', 7, 'node', 0, NULL, 1);
INSERT INTO `search_index` VALUES ('the', 7, 'node', 0, NULL, 2);
INSERT INTO `search_index` VALUES ('hunting', 7, 'node', 0, NULL, 26);
INSERT INTO `search_index` VALUES ('lion', 7, 'node', 0, NULL, 26);
INSERT INTO `search_index` VALUES ('canned', 7, 'node', 0, NULL, 26);
INSERT INTO `search_index` VALUES ('takes', 7, 'node', 0, NULL, 26);
INSERT INTO `search_index` VALUES ('destruction', 8, 'node', 0, NULL, 1);
INSERT INTO `search_index` VALUES ('wanton', 8, 'node', 0, NULL, 1);
INSERT INTO `search_index` VALUES ('the', 8, 'node', 0, NULL, 1);
INSERT INTO `search_index` VALUES ('comes', 8, 'node', 0, NULL, 1);
INSERT INTO `search_index` VALUES ('when', 8, 'node', 0, NULL, 1);
INSERT INTO `search_index` VALUES ('hand', 8, 'node', 0, NULL, 2);
INSERT INTO `search_index` VALUES ('canned', 8, 'node', 0, NULL, 1);
INSERT INTO `search_index` VALUES ('and', 8, 'node', 0, NULL, 1);
INSERT INTO `search_index` VALUES ('hunting', 8, 'node', 0, NULL, 2);
INSERT INTO `search_index` VALUES ('hunting', 9, 'node', 0, NULL, 1);
INSERT INTO `search_index` VALUES ('trophy', 9, 'node', 0, NULL, 1);
INSERT INTO `search_index` VALUES ('this', 9, 'node', 0, NULL, 1);
INSERT INTO `search_index` VALUES ('authenticated', 1, 'node', 0, NULL, 26);
INSERT INTO `search_index` VALUES ('will', 3, 'node', 0, NULL, 26);
INSERT INTO `search_index` VALUES ('google', 4, 'node', 0, NULL, 1);
INSERT INTO `search_index` VALUES ('this', 5, 'node', 0, NULL, 1);
INSERT INTO `search_index` VALUES ('ads', 5, 'node', 0, NULL, 27);
INSERT INTO `search_index` VALUES ('pick', 6, 'node', 0, NULL, 26);
INSERT INTO `search_index` VALUES ('quick', 6, 'node', 0, NULL, 26);
INSERT INTO `search_index` VALUES ('conservation', 7, 'node', 0, NULL, 1);
INSERT INTO `search_index` VALUES ('mercer', 7, 'node', 0, NULL, 26);
INSERT INTO `search_index` VALUES ('chris', 7, 'node', 0, NULL, 26);
INSERT INTO `search_index` VALUES ('adv', 7, 'node', 0, NULL, 26);
INSERT INTO `search_index` VALUES ('trophy', 8, 'node', 0, NULL, 1);
INSERT INTO `search_index` VALUES ('skullduggery', 8, 'node', 0, NULL, 26);
INSERT INTO `search_index` VALUES ('related', 9, 'node', 0, NULL, 27);
INSERT INTO `search_index` VALUES ('enclosed', 11, 'node', 0, NULL, 27);
INSERT INTO `search_index` VALUES ('cornered', 11, 'node', 0, NULL, 27);
INSERT INTO `search_index` VALUES ('unfair', 11, 'node', 0, NULL, 26);
INSERT INTO `search_index` VALUES ('error', 1, 'node', 0, NULL, 1);
INSERT INTO `search_index` VALUES ('point', 3, 'node', 0, NULL, 1);
INSERT INTO `search_index` VALUES ('the', 5, 'node', 0, NULL, 1);
INSERT INTO `search_index` VALUES ('best', 5, 'node', 0, NULL, 1);
INSERT INTO `search_index` VALUES ('old', 6, 'node', 0, NULL, 11);
INSERT INTO `search_index` VALUES ('content', 6, 'node', 0, NULL, 11);
INSERT INTO `search_index` VALUES ('bureaucracy', 7, 'node', 0, NULL, 1);
INSERT INTO `search_index` VALUES ('our', 8, 'node', 0, NULL, 1);
INSERT INTO `search_index` VALUES ('most', 8, 'node', 0, NULL, 1);
INSERT INTO `search_index` VALUES ('beautiful', 8, 'node', 0, NULL, 1);
INSERT INTO `search_index` VALUES ('animals', 8, 'node', 0, NULL, 1);
INSERT INTO `search_index` VALUES ('and', 11, 'node', 0, NULL, 1);

-- --------------------------------------------------------

-- 
-- Table structure for table `search_total`
-- 

DROP TABLE IF EXISTS `search_total`;
CREATE TABLE IF NOT EXISTS `search_total` (
  `word` varchar(50) NOT NULL default '',
  `count` float default NULL,
  PRIMARY KEY  (`word`)
) ENGINE=MyISAM DEFAULT CHARSET=utf8;

-- 
-- Dumping data for table `search_total`
-- 

INSERT INTO `search_total` VALUES ('authenticated', 0.0163904);
INSERT INTO `search_total` VALUES ('user', 0.0163904);
INSERT INTO `search_total` VALUES ('story', 0.0157943);
INSERT INTO `search_total` VALUES ('this', 0.0791812);
INSERT INTO `search_total` VALUES ('first', 0.30103);
INSERT INTO `search_total` VALUES ('with', 0.30103);
INSERT INTO `search_total` VALUES ('spelling', 0.30103);
INSERT INTO `search_total` VALUES ('error', 0.30103);
INSERT INTO `search_total` VALUES ('will', 0.0163904);
INSERT INTO `search_total` VALUES ('get', 0.0163904);
INSERT INTO `search_total` VALUES ('any', 0.0163904);
INSERT INTO `search_total` VALUES ('revenue', 0.0163904);
INSERT INTO `search_total` VALUES ('who', 0.30103);
INSERT INTO `search_total` VALUES ('can', 0.30103);
INSERT INTO `search_total` VALUES ('say', 0.30103);
INSERT INTO `search_total` VALUES ('point', 0.30103);
INSERT INTO `search_total` VALUES ('ads', 0.00796893);
INSERT INTO `search_total` VALUES ('page', 0.176091);
INSERT INTO `search_total` VALUES ('google', 0.124939);
INSERT INTO `search_total` VALUES ('adsense', 0.30103);
INSERT INTO `search_total` VALUES ('placeholder', 0.30103);
INSERT INTO `search_total` VALUES ('here', 0.30103);
INSERT INTO `search_total` VALUES ('all', 0.30103);
INSERT INTO `search_total` VALUES ('the', 0.0791812);
INSERT INTO `search_total` VALUES ('best', 0.30103);
INSERT INTO `search_total` VALUES ('quick', 0.0163904);
INSERT INTO `search_total` VALUES ('pick', 0.0163904);
INSERT INTO `search_total` VALUES ('please', 0.09691);
INSERT INTO `search_total` VALUES ('select', 0.09691);
INSERT INTO `search_total` VALUES ('link', 0.09691);
INSERT INTO `search_total` VALUES ('below', 0.09691);
INSERT INTO `search_total` VALUES ('view', 0.09691);
INSERT INTO `search_total` VALUES ('that', 0.09691);
INSERT INTO `search_total` VALUES ('article', 0.09691);
INSERT INTO `search_total` VALUES ('latest', 0.0377886);
INSERT INTO `search_total` VALUES ('news', 0.0377886);
INSERT INTO `search_total` VALUES ('plain', 0.0377886);
INSERT INTO `search_total` VALUES ('old', 0.0377886);
INSERT INTO `search_total` VALUES ('content', 0.0377886);
INSERT INTO `search_total` VALUES ('adv', 0.0163904);
INSERT INTO `search_total` VALUES ('chris', 0.0163904);
INSERT INTO `search_total` VALUES ('mercer', 0.0163904);
INSERT INTO `search_total` VALUES ('takes', 0.0163904);
INSERT INTO `search_total` VALUES ('canned', 0.0157943);
INSERT INTO `search_total` VALUES ('lion', 0.0163904);
INSERT INTO `search_total` VALUES ('hunting', 0.00782534);
INSERT INTO `search_total` VALUES ('protection', 0.30103);
INSERT INTO `search_total` VALUES ('our', 0.176091);
INSERT INTO `search_total` VALUES ('wildlife', 0.30103);
INSERT INTO `search_total` VALUES ('cannot', 0.30103);
INSERT INTO `search_total` VALUES ('left', 0.30103);
INSERT INTO `search_total` VALUES ('morally', 0.30103);
INSERT INTO `search_total` VALUES ('depraved', 0.30103);
INSERT INTO `search_total` VALUES ('conservation', 0.30103);
INSERT INTO `search_total` VALUES ('bureaucracy', 0.30103);
INSERT INTO `search_total` VALUES ('skullduggery', 0.0163904);
INSERT INTO `search_total` VALUES ('trophy', 0.176091);
INSERT INTO `search_total` VALUES ('and', 0.176091);
INSERT INTO `search_total` VALUES ('hand', 0.176091);
INSERT INTO `search_total` VALUES ('when', 0.30103);
INSERT INTO `search_total` VALUES ('comes', 0.30103);
INSERT INTO `search_total` VALUES ('wanton', 0.30103);
INSERT INTO `search_total` VALUES ('destruction', 0.30103);
INSERT INTO `search_total` VALUES ('most', 0.30103);
INSERT INTO `search_total` VALUES ('beautiful', 0.30103);
INSERT INTO `search_total` VALUES ('animals', 0.30103);
INSERT INTO `search_total` VALUES ('related', 0.0157943);
INSERT INTO `search_total` VALUES ('another', 0.0163904);
INSERT INTO `search_total` VALUES ('post', 0.0163904);
INSERT INTO `search_total` VALUES ('hunters', 0.30103);
INSERT INTO `search_total` VALUES ('hunt', 0.30103);
INSERT INTO `search_total` VALUES ('silly', 0.30103);
INSERT INTO `search_total` VALUES ('unts', 0.30103);
INSERT INTO `search_total` VALUES ('unfair', 0.0163904);
INSERT INTO `search_total` VALUES ('cornered', 0.0157943);
INSERT INTO `search_total` VALUES ('enclosed', 0.0157943);

-- --------------------------------------------------------

-- 
-- Table structure for table `sequences`
-- 

DROP TABLE IF EXISTS `sequences`;
CREATE TABLE IF NOT EXISTS `sequences` (
  `name` varchar(255) NOT NULL default '',
  `id` int(10) unsigned NOT NULL default '0',
  PRIMARY KEY  (`name`)
) ENGINE=MyISAM DEFAULT CHARSET=utf8;

-- 
-- Dumping data for table `sequences`
-- 

INSERT INTO `sequences` VALUES ('menu_mid', 54);
INSERT INTO `sequences` VALUES ('users_uid', 2);
INSERT INTO `sequences` VALUES ('node_nid', 11);
INSERT INTO `sequences` VALUES ('node_revisions_vid', 11);
INSERT INTO `sequences` VALUES ('access_aid', 1);
INSERT INTO `sequences` VALUES ('flexinode_ctype', 4);
INSERT INTO `sequences` VALUES ('flexinode_field', 11);
INSERT INTO `sequences` VALUES ('files_fid', 3);
INSERT INTO `sequences` VALUES ('vocabulary_vid', 5);
INSERT INTO `sequences` VALUES ('term_data_tid', 2);

-- --------------------------------------------------------

-- 
-- Table structure for table `sessions`
-- 

DROP TABLE IF EXISTS `sessions`;
CREATE TABLE IF NOT EXISTS `sessions` (
  `uid` int(10) unsigned NOT NULL default '0',
  `sid` varchar(32) NOT NULL default '',
  `hostname` varchar(128) NOT NULL default '',
  `timestamp` int(11) NOT NULL default '0',
  `cache` int(11) NOT NULL default '0',
  `session` longtext,
  PRIMARY KEY  (`sid`),
  KEY `uid` (`uid`),
  KEY `timestamp` (`timestamp`)
) ENGINE=MyISAM DEFAULT CHARSET=utf8;

-- 
-- Dumping data for table `sessions`
-- 

INSERT INTO `sessions` VALUES (1, '85f87c150c7aef0df663ae3bf1442d1d', '127.0.0.1', 1146733133, 0, 'watchdog_overview_filter|s:3:"all";');
INSERT INTO `sessions` VALUES (1, '3819ab30fdafc395d05985543ca3b2fa', '127.0.0.1', 1146064658, 0, 'watchdog_overview_filter|s:3:"all";');

-- --------------------------------------------------------

-- 
-- Table structure for table `system`
-- 

DROP TABLE IF EXISTS `system`;
CREATE TABLE IF NOT EXISTS `system` (
  `filename` varchar(255) NOT NULL default '',
  `name` varchar(255) NOT NULL default '',
  `type` varchar(255) NOT NULL default '',
  `description` varchar(255) NOT NULL default '',
  `status` int(2) NOT NULL default '0',
  `throttle` tinyint(1) NOT NULL default '0',
  `bootstrap` int(2) NOT NULL default '0',
  `schema_version` smallint(3) NOT NULL default '-1',
  `weight` int(2) NOT NULL default '0',
  PRIMARY KEY  (`filename`),
  KEY `weight` (`weight`)
) ENGINE=MyISAM DEFAULT CHARSET=utf8;

-- 
-- Dumping data for table `system`
-- 

INSERT INTO `system` VALUES ('modules/block.module', 'block', 'module', 'Controls the boxes that are displayed around the main content.', 1, 1, 0, 0, 0);
INSERT INTO `system` VALUES ('modules/comment.module', 'comment', 'module', 'Allows users to comment on and discuss published content.', 1, 0, 0, 0, 0);
INSERT INTO `system` VALUES ('modules/filter.module', 'filter', 'module', 'Handles the filtering of content in preparation for display.', 1, 1, 0, 0, 0);
INSERT INTO `system` VALUES ('modules/help.module', 'help', 'module', 'Manages the display of online help.', 1, 0, 0, 0, 0);
INSERT INTO `system` VALUES ('modules/menu.module', 'menu', 'module', 'Allows administrators to customize the site navigation menu.', 1, 0, 0, 0, 0);
INSERT INTO `system` VALUES ('modules/node.module', 'node', 'module', 'Allows content to be submitted to the site and displayed on pages.', 1, 1, 0, 0, 0);
INSERT INTO `system` VALUES ('modules/page.module', 'page', 'module', 'Enables the creation of pages that can be added to the navigation system.', 1, 0, 0, 0, 0);
INSERT INTO `system` VALUES ('modules/story.module', 'story', 'module', 'Allows users to submit stories, articles or similar content.', 1, 0, 0, 0, 0);
INSERT INTO `system` VALUES ('modules/system.module', 'system', 'module', 'Handles general site configuration for administrators.', 1, 1, 0, 178, 0);
INSERT INTO `system` VALUES ('modules/taxonomy.module', 'taxonomy', 'module', 'Enables the categorization of content.', 1, 0, 0, 0, 0);
INSERT INTO `system` VALUES ('modules/user.module', 'user', 'module', 'Manages the user registration and login system.', 1, 1, 0, 0, 0);
INSERT INTO `system` VALUES ('modules/watchdog.module', 'watchdog', 'module', 'Logs and records system events.', 1, 1, 0, 0, 0);
INSERT INTO `system` VALUES ('themes/engines/phptemplate/phptemplate.engine', 'phptemplate', 'theme_engine', '', 1, 0, 0, -1, 0);
INSERT INTO `system` VALUES ('modules/aggregator.module', 'aggregator', 'module', 'Aggregates syndicated content (RSS and RDF feeds).', 1, 0, 0, 0, 0);
INSERT INTO `system` VALUES ('modules/archive.module', 'archive', 'module', 'Displays a calendar for navigating older content.', 1, 0, 0, 0, 0);
INSERT INTO `system` VALUES ('modules/blog.module', 'blog', 'module', 'Enables keeping an easily and regularly updated web page or a blog.', 1, 0, 0, 0, 0);
INSERT INTO `system` VALUES ('modules/blogapi.module', 'blogapi', 'module', 'Allows users to post content using applications that support XML-RPC blog APIs.', 0, 0, 0, -1, 0);
INSERT INTO `system` VALUES ('modules/book.module', 'book', 'module', 'Allows users to collaboratively author a book.', 1, 0, 0, 0, 0);
INSERT INTO `system` VALUES ('modules/contact.module', 'contact', 'module', 'Enables the use of both personal and site-wide contact forms.', 0, 0, 0, -1, 0);
INSERT INTO `system` VALUES ('modules/drupal.module', 'drupal', 'module', 'Lets you register your site with a central server and improve ranking of Drupal projects by posting information on your installed modules and themes; also enables users to log in using a Drupal ID.', 0, 0, 0, -1, 0);
INSERT INTO `system` VALUES ('modules/flexinode/flexinode.module', 'flexinode', 'module', 'Allows administrators to define their own content types.', 1, 0, 0, 0, 0);
INSERT INTO `system` VALUES ('modules/forum.module', 'forum', 'module', 'Enables threaded discussions about general topics.', 1, 0, 0, 0, 0);
INSERT INTO `system` VALUES ('modules/legacy.module', 'legacy', 'module', 'Provides legacy handlers for upgrades from older Drupal installations.', 0, 0, 0, -1, 0);
INSERT INTO `system` VALUES ('modules/locale.module', 'locale', 'module', 'Enables the translation of the user interface to languages other than English.', 0, 0, 0, -1, 0);
INSERT INTO `system` VALUES ('modules/path.module', 'path', 'module', 'Allows users to rename URLs.', 0, 0, 0, -1, 0);
INSERT INTO `system` VALUES ('modules/ping.module', 'ping', 'module', 'Alerts other sites when your site has been updated.', 0, 0, 0, 0, 0);
INSERT INTO `system` VALUES ('modules/poll.module', 'poll', 'module', 'Allows your site to capture votes on different topics in the form of multiple choice questions.', 1, 0, 0, 0, 0);
INSERT INTO `system` VALUES ('modules/profile.module', 'profile', 'module', 'Supports configurable user profiles.', 0, 0, 0, -1, 0);
INSERT INTO `system` VALUES ('modules/search.module', 'search', 'module', 'Enables site-wide keyword searching.', 1, 0, 0, 0, 0);
INSERT INTO `system` VALUES ('modules/statistics.module', 'statistics', 'module', 'Logs access statistics for your site.', 0, 0, 1, -1, 0);
INSERT INTO `system` VALUES ('modules/throttle.module', 'throttle', 'module', 'Handles the auto-throttling mechanism, to control site congestion.', 1, 1, 1, 0, 0);
INSERT INTO `system` VALUES ('modules/tracker.module', 'tracker', 'module', 'Enables tracking of recent posts for users.', 0, 0, 0, -1, 0);
INSERT INTO `system` VALUES ('modules/upload.module', 'upload', 'module', 'Allows users to upload and attach files to content.', 1, 0, 0, 0, 0);
INSERT INTO `system` VALUES ('modules/adsense/adsense.module', 'adsense', 'module', 'Display Google AdSense ads on your site to earn revenue.', 1, 0, 0, 0, 0);
INSERT INTO `system` VALUES ('themes/pushbutton/page.tpl.php', 'pushbutton', 'theme', 'themes/engines/phptemplate/phptemplate.engine', 1, 0, 0, -1, 0);
INSERT INTO `system` VALUES ('themes/box_grey/box_cleanslate/style.css', 'box_cleanslate', 'theme', 'themes/box_grey/page.tpl.php', 0, 0, 0, -1, 0);
INSERT INTO `system` VALUES ('themes/chameleon/marvin/style.css', 'marvin', 'theme', 'themes/chameleon/chameleon.theme', 0, 0, 0, -1, 0);
INSERT INTO `system` VALUES ('themes/box_grey_dev/page.tpl.php', 'box_grey_dev', 'theme', 'themes/engines/phptemplate/phptemplate.engine', 1, 0, 0, -1, 0);
INSERT INTO `system` VALUES ('themes/box_grey/page.tpl.php', 'box_grey', 'theme', 'themes/engines/phptemplate/phptemplate.engine', 0, 0, 0, -1, 0);
INSERT INTO `system` VALUES ('themes/chameleon/chameleon.theme', 'chameleon', 'theme', 'themes/chameleon/chameleon.theme', 0, 0, 0, -1, 0);
INSERT INTO `system` VALUES ('modules/taxonomy_block/taxonomy_block.module', 'taxonomy_block', 'module', 'Makes blocks based on taxonomy vocabularies and terms.', 1, 0, 0, 0, 0);
INSERT INTO `system` VALUES ('modules/poormanscron/poormanscron.module', 'poormanscron', 'module', 'Runs Drupal cron jobs without the cron application.', 1, 0, 1, 0, 0);

-- --------------------------------------------------------

-- 
-- Table structure for table `taxonomy_block`
-- 

DROP TABLE IF EXISTS `taxonomy_block`;
CREATE TABLE IF NOT EXISTS `taxonomy_block` (
  `description` varchar(100) NOT NULL default '',
  `teaser` int(10) unsigned NOT NULL default '0',
  `name` varchar(100) NOT NULL default '',
  `length` int(10) unsigned NOT NULL default '1',
  `bid` int(10) unsigned NOT NULL auto_increment,
  `type` enum('vocabulary','term') NOT NULL default 'vocabulary',
  `tid` int(10) unsigned NOT NULL default '0',
  PRIMARY KEY  (`bid`)
) ENGINE=MyISAM DEFAULT CHARSET=latin1 AUTO_INCREMENT=2 ;

-- 
-- Dumping data for table `taxonomy_block`
-- 

INSERT INTO `taxonomy_block` VALUES ('Different blog categories', 0, 'Blogs', 5, 1, 'term', 2);

-- --------------------------------------------------------

-- 
-- Table structure for table `term_data`
-- 

DROP TABLE IF EXISTS `term_data`;
CREATE TABLE IF NOT EXISTS `term_data` (
  `tid` int(10) unsigned NOT NULL auto_increment,
  `vid` int(10) unsigned NOT NULL default '0',
  `name` varchar(255) NOT NULL default '',
  `description` longtext,
  `weight` tinyint(4) NOT NULL default '0',
  PRIMARY KEY  (`tid`),
  KEY `vid` (`vid`)
) ENGINE=MyISAM DEFAULT CHARSET=utf8 AUTO_INCREMENT=3 ;

-- 
-- Dumping data for table `term_data`
-- 

INSERT INTO `term_data` VALUES (1, 5, 'Canned', 'A canned hunt is the most despicable of human endeavors. Animals are bred in captivity, drugged, and released into a small enclosure, aggravated and tortured before finally ending up as a trophy. This practice generates large amounts of revenue from Western hunters, especially in countries like South Africa.', 0);
INSERT INTO `term_data` VALUES (2, 5, 'Trophy', 'Trophy hunting contributes to the loss of precious large mammals and reptiles. ', 0);

-- --------------------------------------------------------

-- 
-- Table structure for table `term_hierarchy`
-- 

DROP TABLE IF EXISTS `term_hierarchy`;
CREATE TABLE IF NOT EXISTS `term_hierarchy` (
  `tid` int(10) unsigned NOT NULL default '0',
  `parent` int(10) unsigned NOT NULL default '0',
  PRIMARY KEY  (`tid`,`parent`),
  KEY `tid` (`tid`),
  KEY `parent` (`parent`)
) ENGINE=MyISAM DEFAULT CHARSET=utf8;

-- 
-- Dumping data for table `term_hierarchy`
-- 

INSERT INTO `term_hierarchy` VALUES (1, 0);
INSERT INTO `term_hierarchy` VALUES (2, 0);

-- --------------------------------------------------------

-- 
-- Table structure for table `term_node`
-- 

DROP TABLE IF EXISTS `term_node`;
CREATE TABLE IF NOT EXISTS `term_node` (
  `nid` int(10) unsigned NOT NULL default '0',
  `tid` int(10) unsigned NOT NULL default '0',
  PRIMARY KEY  (`tid`,`nid`),
  KEY `nid` (`nid`),
  KEY `tid` (`tid`)
) ENGINE=MyISAM DEFAULT CHARSET=utf8;

-- 
-- Dumping data for table `term_node`
-- 

INSERT INTO `term_node` VALUES (7, 1);
INSERT INTO `term_node` VALUES (9, 1);
INSERT INTO `term_node` VALUES (8, 2);

-- --------------------------------------------------------

-- 
-- Table structure for table `term_relation`
-- 

DROP TABLE IF EXISTS `term_relation`;
CREATE TABLE IF NOT EXISTS `term_relation` (
  `tid1` int(10) unsigned NOT NULL default '0',
  `tid2` int(10) unsigned NOT NULL default '0',
  KEY `tid1` (`tid1`),
  KEY `tid2` (`tid2`)
) ENGINE=MyISAM DEFAULT CHARSET=utf8;

-- 
-- Dumping data for table `term_relation`
-- 

INSERT INTO `term_relation` VALUES (1, 2);

-- --------------------------------------------------------

-- 
-- Table structure for table `term_synonym`
-- 

DROP TABLE IF EXISTS `term_synonym`;
CREATE TABLE IF NOT EXISTS `term_synonym` (
  `tid` int(10) unsigned NOT NULL default '0',
  `name` varchar(255) NOT NULL default '',
  KEY `tid` (`tid`),
  KEY `name` (`name`(3))
) ENGINE=MyISAM DEFAULT CHARSET=utf8;

-- 
-- Dumping data for table `term_synonym`
-- 

INSERT INTO `term_synonym` VALUES (1, 'cornered');
INSERT INTO `term_synonym` VALUES (1, 'enclosed');
INSERT INTO `term_synonym` VALUES (1, 'unfair');

-- --------------------------------------------------------

-- 
-- Table structure for table `url_alias`
-- 

DROP TABLE IF EXISTS `url_alias`;
CREATE TABLE IF NOT EXISTS `url_alias` (
  `pid` int(10) unsigned NOT NULL auto_increment,
  `src` varchar(128) NOT NULL default '',
  `dst` varchar(128) NOT NULL default '',
  PRIMARY KEY  (`pid`),
  UNIQUE KEY `dst` (`dst`),
  KEY `src` (`src`)
) ENGINE=MyISAM DEFAULT CHARSET=utf8 AUTO_INCREMENT=1 ;

-- 
-- Dumping data for table `url_alias`
-- 


-- --------------------------------------------------------

-- 
-- Table structure for table `users`
-- 

DROP TABLE IF EXISTS `users`;
CREATE TABLE IF NOT EXISTS `users` (
  `uid` int(10) unsigned NOT NULL default '0',
  `name` varchar(60) NOT NULL default '',
  `pass` varchar(32) NOT NULL default '',
  `mail` varchar(64) default '',
  `mode` tinyint(1) NOT NULL default '0',
  `sort` tinyint(1) default '0',
  `threshold` tinyint(1) default '0',
  `theme` varchar(255) NOT NULL default '',
  `signature` varchar(255) NOT NULL default '',
  `created` int(11) NOT NULL default '0',
  `access` int(11) NOT NULL default '0',
  `login` int(11) NOT NULL default '0',
  `status` tinyint(4) NOT NULL default '0',
  `timezone` varchar(8) default NULL,
  `language` varchar(12) NOT NULL default '',
  `picture` varchar(255) NOT NULL default '',
  `init` varchar(64) default '',
  `data` longtext,
  PRIMARY KEY  (`uid`),
  UNIQUE KEY `name` (`name`),
  KEY `access` (`access`)
) ENGINE=MyISAM DEFAULT CHARSET=utf8;

-- 
-- Dumping data for table `users`
-- 

INSERT INTO `users` VALUES (0, '', '', '', 0, 0, 0, '', '', 0, 0, 0, 0, NULL, '', '', '', NULL);
INSERT INTO `users` VALUES (1, 'David Mercer', '02b474a8e284641710cc122fcccdaa58', 'davidm@contechst.com', 0, 0, 0, '', '', 1144747909, 1146733133, 1146731077, 1, '0', '', '', 'davidm@contechst.com', 'a:0:{}');
INSERT INTO `users` VALUES (2, 'Dave', 'ea53b6f4a319e34e49e56b775f0f1308', 'edit@contechst.com', 0, 0, 0, '', '', 1144747949, 1144938015, 1144920491, 1, '0', '', '', 'edit@contechst.com', 'a:0:{}');

-- --------------------------------------------------------

-- 
-- Table structure for table `users_roles`
-- 

DROP TABLE IF EXISTS `users_roles`;
CREATE TABLE IF NOT EXISTS `users_roles` (
  `uid` int(10) unsigned NOT NULL default '0',
  `rid` int(10) unsigned NOT NULL default '0',
  PRIMARY KEY  (`uid`,`rid`)
) ENGINE=MyISAM DEFAULT CHARSET=utf8;

-- 
-- Dumping data for table `users_roles`
-- 


-- --------------------------------------------------------

-- 
-- Table structure for table `variable`
-- 

DROP TABLE IF EXISTS `variable`;
CREATE TABLE IF NOT EXISTS `variable` (
  `name` varchar(48) NOT NULL default '',
  `value` longtext NOT NULL,
  PRIMARY KEY  (`name`)
) ENGINE=MyISAM DEFAULT CHARSET=utf8;

-- 
-- Dumping data for table `variable`
-- 

INSERT INTO `variable` VALUES ('theme_default', 's:12:"box_grey_dev";');
INSERT INTO `variable` VALUES ('filter_html_1', 'i:1;');
INSERT INTO `variable` VALUES ('node_options_forum', 'a:1:{i:0;s:6:"status";}');
INSERT INTO `variable` VALUES ('menu_primary_menu', 's:1:"1";');
INSERT INTO `variable` VALUES ('menu_secondary_menu', 's:1:"2";');
INSERT INTO `variable` VALUES ('theme_box_grey_dev_settings', 'a:15:{s:3:"var";s:27:"theme_box_grey_dev_settings";s:11:"toggle_logo";i:1;s:11:"toggle_name";i:0;s:13:"toggle_slogan";i:0;s:14:"toggle_mission";i:0;s:24:"toggle_node_user_picture";i:0;s:27:"toggle_comment_user_picture";i:0;s:13:"toggle_search";i:0;s:14:"toggle_favicon";i:1;s:12:"default_logo";i:0;s:9:"logo_path";s:14:"files/logo.jpg";s:11:"logo_upload";N;s:15:"default_favicon";i:1;s:12:"favicon_path";s:0:"";s:14:"favicon_upload";N;}');
INSERT INTO `variable` VALUES ('clean_url_ok', 'i:1;');
INSERT INTO `variable` VALUES ('file_directory_temp', 's:20:"C:\\apache2triad\\temp";');
INSERT INTO `variable` VALUES ('menu_parent_items', 's:1:"0";');
INSERT INTO `variable` VALUES ('site_name', 's:6:"drupal";');
INSERT INTO `variable` VALUES ('site_mail', 's:19:"staff@contechst.com";');
INSERT INTO `variable` VALUES ('site_slogan', 's:0:"";');
INSERT INTO `variable` VALUES ('site_mission', 's:0:"";');
INSERT INTO `variable` VALUES ('site_footer', 's:0:"";');
INSERT INTO `variable` VALUES ('anonymous', 's:9:"Anonymous";');
INSERT INTO `variable` VALUES ('site_frontpage', 's:4:"node";');
INSERT INTO `variable` VALUES ('clean_url', 's:1:"1";');
INSERT INTO `variable` VALUES ('site_403', 's:0:"";');
INSERT INTO `variable` VALUES ('site_404', 's:0:"";');
INSERT INTO `variable` VALUES ('error_level', 's:1:"1";');
INSERT INTO `variable` VALUES ('watchdog_clear', 's:6:"604800";');
INSERT INTO `variable` VALUES ('cache', 's:1:"0";');
INSERT INTO `variable` VALUES ('cache_lifetime', 's:1:"0";');
INSERT INTO `variable` VALUES ('file_directory_path', 's:5:"files";');
INSERT INTO `variable` VALUES ('file_downloads', 's:1:"1";');
INSERT INTO `variable` VALUES ('feed_default_items', 's:2:"10";');
INSERT INTO `variable` VALUES ('feed_item_length', 's:6:"teaser";');
INSERT INTO `variable` VALUES ('date_default_timezone', 's:1:"0";');
INSERT INTO `variable` VALUES ('configurable_timezones', 's:1:"1";');
INSERT INTO `variable` VALUES ('date_format_short', 's:9:"Y-m-d H:i";');
INSERT INTO `variable` VALUES ('date_format_medium', 's:12:"D, Y-m-d H:i";');
INSERT INTO `variable` VALUES ('date_format_long', 's:15:"l, F j, Y - H:i";');
INSERT INTO `variable` VALUES ('date_first_day', 's:1:"0";');
INSERT INTO `variable` VALUES ('site_offline', 's:1:"0";');
INSERT INTO `variable` VALUES ('site_offline_message', 's:104:"This Drupal site is currently under maintenance. We should be back shortly. Thank you for your patience.";');
INSERT INTO `variable` VALUES ('flexinode-1_help', 's:281:"Please do not submit any content under ten words. Also, ensure that as far as possible you make use of the picture facilities provided with this page and please supply an email address for yourself, or alternatively, for the organization in charge of saving the animal in question.";');
INSERT INTO `variable` VALUES ('minimum_flexinode-1_size', 's:2:"10";');
INSERT INTO `variable` VALUES ('node_options_flexinode-1', 'a:2:{i:0;s:6:"status";i:1;s:7:"promote";}');
INSERT INTO `variable` VALUES ('comment_flexinode-1', 's:1:"2";');
INSERT INTO `variable` VALUES ('upload_flexinode-1', 's:1:"1";');
INSERT INTO `variable` VALUES ('type', 's:11:"flexinode-2";');
INSERT INTO `variable` VALUES ('array_filter', 'b:1;');
INSERT INTO `variable` VALUES ('flexinode_list_count', 's:1:"5";');
INSERT INTO `variable` VALUES ('flexinode-2_help', 's:0:"";');
INSERT INTO `variable` VALUES ('minimum_flexinode-2_size', 's:1:"0";');
INSERT INTO `variable` VALUES ('node_options_flexinode-2', 'a:2:{i:0;s:6:"status";i:1;s:7:"promote";}');
INSERT INTO `variable` VALUES ('comment_flexinode-2', 's:1:"2";');
INSERT INTO `variable` VALUES ('upload_flexinode-2', 's:1:"1";');
INSERT INTO `variable` VALUES ('adsense_client_id', 's:25:"ca-ref-pub-01735296610791";');
INSERT INTO `variable` VALUES ('adsense_visibility', 's:1:"0";');
INSERT INTO `variable` VALUES ('adsense_access_pages', 's:0:"";');
INSERT INTO `variable` VALUES ('adsense_ad_type_1', 's:1:"2";');
INSERT INTO `variable` VALUES ('adsense_color_text_1', 's:6:"AD857F";');
INSERT INTO `variable` VALUES ('adsense_color_border_1', 's:6:"E5E5E5";');
INSERT INTO `variable` VALUES ('adsense_color_bg_1', 's:6:"E5E5E5";');
INSERT INTO `variable` VALUES ('adsense_color_link_1', 's:6:"AD857F";');
INSERT INTO `variable` VALUES ('adsense_color_url_1', 's:6:"AD857F";');
INSERT INTO `variable` VALUES ('adsense_alt_1', 's:1:"0";');
INSERT INTO `variable` VALUES ('adsense_alt_info_1', 's:0:"";');
INSERT INTO `variable` VALUES ('adsense_ad_type_2', 's:1:"1";');
INSERT INTO `variable` VALUES ('adsense_color_text_2', 's:6:"AD857F";');
INSERT INTO `variable` VALUES ('adsense_color_border_2', 's:6:"E5E5E5";');
INSERT INTO `variable` VALUES ('adsense_color_bg_2', 's:6:"E5E5E5";');
INSERT INTO `variable` VALUES ('adsense_color_link_2', 's:6:"AD857F";');
INSERT INTO `variable` VALUES ('adsense_color_url_2', 's:6:"AD857F";');
INSERT INTO `variable` VALUES ('adsense_alt_2', 's:1:"0";');
INSERT INTO `variable` VALUES ('adsense_alt_info_2', 's:0:"";');
INSERT INTO `variable` VALUES ('adsense_ad_type_3', 's:1:"0";');
INSERT INTO `variable` VALUES ('adsense_color_text_3', 's:6:"000000";');
INSERT INTO `variable` VALUES ('adsense_color_border_3', 's:6:"336699";');
INSERT INTO `variable` VALUES ('adsense_color_bg_3', 's:6:"FFFFFF";');
INSERT INTO `variable` VALUES ('adsense_color_link_3', 's:6:"336699";');
INSERT INTO `variable` VALUES ('adsense_color_url_3', 's:6:"FF8C00";');
INSERT INTO `variable` VALUES ('adsense_alt_3', 's:1:"0";');
INSERT INTO `variable` VALUES ('adsense_alt_info_3', 's:0:"";');
INSERT INTO `variable` VALUES ('adsense_ad_channel_1', 's:0:"";');
INSERT INTO `variable` VALUES ('adsense_ad_channel_2', 's:0:"";');
INSERT INTO `variable` VALUES ('adsense_ad_channel_3', 's:0:"";');
INSERT INTO `variable` VALUES ('adsense_ad_channel_4', 's:0:"";');
INSERT INTO `variable` VALUES ('adsense_ad_channel_5', 's:0:"";');
INSERT INTO `variable` VALUES ('adsense_revenue_enable', 'i:0;');
INSERT INTO `variable` VALUES ('adsense_percentage_author', 's:2:"70";');
INSERT INTO `variable` VALUES ('adsense_percentage_refer', 's:2:"30";');
INSERT INTO `variable` VALUES ('adsense_node_type_blog', 'i:1;');
INSERT INTO `variable` VALUES ('adsense_node_type_book', 'i:1;');
INSERT INTO `variable` VALUES ('adsense_node_type_page', 'i:1;');
INSERT INTO `variable` VALUES ('adsense_node_type_poll', 'i:1;');
INSERT INTO `variable` VALUES ('adsense_node_type_story', 'i:1;');
INSERT INTO `variable` VALUES ('adsense_disable', 'i:0;');
INSERT INTO `variable` VALUES ('adsense_placeholder', 'i:1;');
INSERT INTO `variable` VALUES ('adsense_placeholder_text', 's:34:"Google AdSense ad placeholder here";');
INSERT INTO `variable` VALUES ('adsense_page_ad_limit', 's:1:"4";');
INSERT INTO `variable` VALUES ('adsense_section_targeting', 'i:0;');
INSERT INTO `variable` VALUES ('forum_nav_vocabulary', 'i:4;');
INSERT INTO `variable` VALUES ('poormanscron_lastrun', 'i:1146731048;');
INSERT INTO `variable` VALUES ('node_cron_comments_scale', 'd:1;');
INSERT INTO `variable` VALUES ('node_cron_views_scale', 'd:1;');
INSERT INTO `variable` VALUES ('cron_last', 'i:1146731048;');
INSERT INTO `variable` VALUES ('cron_busy', 'b:0;');
INSERT INTO `variable` VALUES ('throttle_anonymous', 's:1:"1";');
INSERT INTO `variable` VALUES ('throttle_user', 's:3:"100";');
INSERT INTO `variable` VALUES ('throttle_probability_limiter', 's:1:"9";');
INSERT INTO `variable` VALUES ('throttle_level', 'i:0;');
INSERT INTO `variable` VALUES ('node_cron_last', 's:10:"1146064394";');
INSERT INTO `variable` VALUES ('node_cron_last_nid', 's:2:"11";');

-- --------------------------------------------------------

-- 
-- Table structure for table `vocabulary`
-- 

DROP TABLE IF EXISTS `vocabulary`;
CREATE TABLE IF NOT EXISTS `vocabulary` (
  `vid` int(10) unsigned NOT NULL auto_increment,
  `name` varchar(255) NOT NULL default '',
  `description` longtext,
  `help` varchar(255) NOT NULL default '',
  `relations` tinyint(3) unsigned NOT NULL default '0',
  `hierarchy` tinyint(3) unsigned NOT NULL default '0',
  `multiple` tinyint(3) unsigned NOT NULL default '0',
  `required` tinyint(3) unsigned NOT NULL default '0',
  `tags` tinyint(3) unsigned NOT NULL default '0',
  `module` varchar(255) NOT NULL default '',
  `weight` tinyint(4) NOT NULL default '0',
  PRIMARY KEY  (`vid`)
) ENGINE=MyISAM DEFAULT CHARSET=utf8 AUTO_INCREMENT=6 ;

-- 
-- Dumping data for table `vocabulary`
-- 

INSERT INTO `vocabulary` VALUES (5, 'Hunting', '', '', 1, 2, 0, 0, 0, 'taxonomy', 0);
INSERT INTO `vocabulary` VALUES (4, 'Forums', '', '', 0, 1, 0, 1, 0, 'forum', 0);

-- --------------------------------------------------------

-- 
-- Table structure for table `vocabulary_node_types`
-- 

DROP TABLE IF EXISTS `vocabulary_node_types`;
CREATE TABLE IF NOT EXISTS `vocabulary_node_types` (
  `vid` int(10) unsigned NOT NULL default '0',
  `type` varchar(32) NOT NULL default '',
  PRIMARY KEY  (`vid`,`type`)
) ENGINE=MyISAM DEFAULT CHARSET=utf8;

-- 
-- Dumping data for table `vocabulary_node_types`
-- 

INSERT INTO `vocabulary_node_types` VALUES (4, 'forum');
INSERT INTO `vocabulary_node_types` VALUES (5, 'blog');

-- --------------------------------------------------------

-- 
-- Table structure for table `watchdog`
-- 

DROP TABLE IF EXISTS `watchdog`;
CREATE TABLE IF NOT EXISTS `watchdog` (
  `wid` int(5) NOT NULL auto_increment,
  `uid` int(10) NOT NULL default '0',
  `type` varchar(16) NOT NULL default '',
  `message` longtext NOT NULL,
  `severity` tinyint(3) unsigned NOT NULL default '0',
  `link` varchar(255) NOT NULL default '',
  `location` varchar(128) NOT NULL default '',
  `referer` varchar(128) NOT NULL default '',
  `hostname` varchar(128) NOT NULL default '',
  `timestamp` int(11) NOT NULL default '0',
  PRIMARY KEY  (`wid`)
) ENGINE=MyISAM DEFAULT CHARSET=utf8 AUTO_INCREMENT=177 ;

-- 
-- Dumping data for table `watchdog`
-- 

INSERT INTO `watchdog` VALUES (175, 1, 'page not found', '<em>ticker_space.gif</em> not found.', 1, '', '/drupal/ticker_space.gif', 'http://localhost/drupal/admin', '127.0.0.1', 1146732878);
INSERT INTO `watchdog` VALUES (176, 1, 'page not found', '<em>ticker_space.gif</em> not found.', 1, '', '/drupal/ticker_space.gif', 'http://localhost/drupal/', '127.0.0.1', 1146733133);
INSERT INTO `watchdog` VALUES (174, 1, 'page not found', '<em>ticker_space.gif</em> not found.', 1, '', '/drupal/ticker_space.gif', 'http://localhost/drupal/', '127.0.0.1', 1146732872);
INSERT INTO `watchdog` VALUES (173, 1, 'page not found', '<em>ticker_space.gif</em> not found.', 1, '', '/drupal/ticker_space.gif', 'http://localhost/drupal/admin', '127.0.0.1', 1146732029);
INSERT INTO `watchdog` VALUES (172, 1, 'content', '<em>blog</em>: deleted <em>Another post on hunting</em>.', 0, '', '/drupal/node/10/delete', 'http://localhost/drupal/node/10/delete', '127.0.0.1', 1146731995);
INSERT INTO `watchdog` VALUES (170, 1, 'page not found', '<em>ticker_space.gif</em> not found.', 1, '', '/drupal/ticker_space.gif', 'http://localhost/drupal/admin', '127.0.0.1', 1146731184);
INSERT INTO `watchdog` VALUES (171, 1, 'page not found', '<em>ticker_space.gif</em> not found.', 1, '', '/drupal/ticker_space.gif', 'http://localhost/drupal/admin', '127.0.0.1', 1146731205);
INSERT INTO `watchdog` VALUES (169, 1, 'page not found', '<em>ticker_space.gif</em> not found.', 1, '', '/drupal/ticker_space.gif', 'http://localhost/drupal/admin', '127.0.0.1', 1146731171);
INSERT INTO `watchdog` VALUES (167, 1, 'page not found', '<em>ticker_space.gif</em> not found.', 1, '', '/drupal/ticker_space.gif', 'http://localhost/drupal/admin', '127.0.0.1', 1146731087);
INSERT INTO `watchdog` VALUES (168, 1, 'page not found', '<em>ticker_space.gif</em> not found.', 1, '', '/drupal/ticker_space.gif', 'http://localhost/drupal/admin', '127.0.0.1', 1146731124);
INSERT INTO `watchdog` VALUES (166, 1, 'page not found', '<em>ticker_space.gif</em> not found.', 1, '', '/drupal/ticker_space.gif', 'http://localhost/drupal/node', '127.0.0.1', 1146731082);
INSERT INTO `watchdog` VALUES (165, 1, 'user', 'Session opened for <em>David Mercer</em>.', 0, '', '/drupal/node?destination=node', 'http://localhost/drupal/', '127.0.0.1', 1146731077);
INSERT INTO `watchdog` VALUES (163, 0, 'cron', 'Cron run completed (via poormanscron).', 0, '', '/drupal/', '', '127.0.0.1', 1146731048);
INSERT INTO `watchdog` VALUES (164, 0, 'page not found', '<em>ticker_space.gif</em> not found.', 1, '', '/drupal/ticker_space.gif', 'http://localhost/drupal/', '127.0.0.1', 1146731052);
